age_group,occupation_code,occupation,n_unweighted,weighted_share,weighted_median_2024_dollars
35-39,120,Financial Managers,243,0.3029873227704909,102000.0
35-39,800,Accountants and Auditors,226,0.2821991922463133,101798.49340866288
35-39,820,Budget Analysts,16,0.01733950370615141,85000.0
35-39,830,Credit Analysts,3,0.004271518556180978,139303.20150659134
35-39,840,Financial Analysts,57,0.0694344659518652,123615.81920903955
35-39,850,Personal Financial Advisors,71,0.08249564675042247,113314.5009416196
35-39,860,Insurance Underwriters,14,0.01650265543889988,77259.88700564971
35-39,900,Financial Examiners,4,0.004406540366491389,186968.92655367233
35-39,910,Credit Counselors and Loan Officers,56,0.060755276593814286,70720.0
35-39,950,"Financial Specialists, All Other",21,0.024299306288221256,78290.01883239171
35-39,4810,Insurance Sales Agents,79,0.09384814730038199,61807.90960451977
35-39,4820,"Securities, Commodities, and Financial Services Sales Agents",25,0.04146042403076702,151000.0
40-44,120,Financial Managers,279,0.32290530892713326,100000.0
40-44,800,Accountants and Auditors,230,0.27675087593636827,85725.04708097926
40-44,820,Budget Analysts,10,0.009935818139787295,112284.3691148776
40-44,830,Credit Analysts,5,0.00561260152758586,85000.0
40-44,840,Financial Analysts,56,0.06611714416636115,123229.7551789077
40-44,850,Personal Financial Advisors,73,0.0882984499004434,100000.0
40-44,860,Insurance Underwriters,27,0.034886571827604865,64293.78531073446
40-44,900,Financial Examiners,2,0.0010574746432977602,201000.0
40-44,910,Credit Counselors and Loan Officers,56,0.06659536689510345,78224.1054613936
40-44,950,"Financial Specialists, All Other",18,0.022161177776211658,120000.0
40-44,4810,Insurance Sales Agents,71,0.08045748599612414,66958.56873822975
40-44,4820,"Securities, Commodities, and Financial Services Sales Agents",17,0.025221724263978985,290000.0
45-49,120,Financial Managers,235,0.3179332510571521,103013.18267419963
45-49,800,Accountants and Auditors,200,0.27724858080912346,84500.0
45-49,820,Budget Analysts,8,0.017270642529444418,102502.0
45-49,830,Credit Analysts,6,0.009587215946652414,72866.29001883238
45-49,840,Financial Analysts,34,0.059171973130384865,120000.0
45-49,850,Personal Financial Advisors,64,0.08988828255410039,144218.45574387946
45-49,860,Insurance Underwriters,14,0.025625046468055426,85725.04708097926
45-49,900,Financial Examiners,1,0.0019597768849671307,208000.0
45-49,910,Credit Counselors and Loan Officers,61,0.06990012099701737,99922.78719397364
45-49,950,"Financial Specialists, All Other",12,0.016445522469418376,61807.90960451977
45-49,4810,Insurance Sales Agents,61,0.07042085621840553,75009.41619585687
45-49,4820,"Securities, Commodities, and Financial Services Sales Agents",31,0.044548730935278495,154519.77401129942
