survey_year,raw_n,raw_weight_sum,negative_weights,missing_weights,zero_weights
1976,135351,211139744.39000002,0,0,6
1977,160799,212565877.38,0,0,28
1978,155706,214158693.69,0,0,0
1979,154593,215934715.57,0,0,1
1980,181488,218100210.07,0,0,5
1981,181358,225241694.89,0,0,0
1982,162703,227374543.99,0,0,1
1983,162635,229586730.82,0,0,0
1984,161167,231851947.84,0,0,0
1985,161362,234066272.31,0,0,0
1986,157661,236748983.14,0,0,56
1987,155468,238788969.87999997,0,0,61
1988,155980,241186892.16,0,0,0
1989,144687,243684940.83,0,0,0
1990,158079,246191485.70999998,0,0,0
1991,158477,248885794.42,0,0,0
1992,155796,251434310.86,0,0,9
1993,155197,254241069.42,0,0,0
1994,150943,259752595.16000003,0,0,0
1995,149642,262104728.95000002,0,0,0
1996,130476,264314164.11,0,0,0
1997,131854,266792407.12,0,0,0
1998,131617,269093735.74,0,0,18
1999,132324,271742834.43,0,0,15
2000,133710,274087002.23,0,0,0
2001,218269,279517359.84000003,0,0,0
2002,217219,282081970.84000003,0,0,0
2003,216424,285933409.89,0,0,0
2004,213241,288280464.96000004,0,0,0
2005,210648,291166198.0,0,0,0
2006,208562,293834357.96000004,0,0,0
2007,206639,296824002.46999997,0,0,0
2008,206404,299105719.36,0,0,0
2009,207921,301482826.92,0,0,0
2010,209802,304281697.84000003,0,0,0
2011,204983,306553211.03999996,0,0,0
2012,201398,308827258.81,0,0,0
2013,202634,311116170.11,0,0,0
2014,199556,626838615.53,0,0,0
2015,199024,316167948.59000003,0,0,0
2016,185487,318868490.05,0,0,0
2017,185914,320371997.01,0,0,0
2018,180084,323156082.86,0,0,0
2019,180101,324355841.27,0,0,0
2020,157959,327601104.5711,0,0,0
2021,163543,328059480.0567,0,0,0
2022,152732,328721881.39,0,0,0
2023,146133,330631702.09000003,0,0,0
2024,144265,332382485.08,0,0,0
2025,142125,337689641.57,0,0,0
