income_year,group,n_unweighted,weighted_population,weight_effective_n,weighted_median,small_cell,suppress_plot,weighted_median_2024_dollars,audit_n,audit_population,audit_median,unweighted_median,fraction_below_median,fraction_at_or_below_median,median_match,count_match,population_match
2022,Finance,1739,4181662.47,1280.4963660207616,80000.0,False,False,85725.04708097926,1739,4181662.4699999997,80000.0,80000.0,0.4691210000983174,0.5037078662161847,True,True,True
2022,Healthcare,3278,7419568.52,2377.151856863152,78000.0,False,False,83581.92090395479,3278,7419568.52,78000.0,80000.0,0.49383580057563775,0.5009416100115752,True,True,True
2022,Other,34805,79969457.2,25146.693718771825,56000.0,False,False,60007.53295668549,34805,79969457.2,56000.0,56000.0,0.49741858407912265,0.5045462783258707,True,True,True
2022,Tech,2257,5667561.8100000005,1731.4944629105214,109000.0,False,False,116800.37664783426,2257,5667561.8100000005,109000.0,107000.0,0.4991457499428665,0.5010299058388213,True,True,True
2023,Finance,1821,4459606.640000001,1352.7260520809482,90000.0,False,False,92711.86440677968,1821,4459606.640000001,90000.0,90000.0,0.47974210344255835,0.520561869555383,True,True,True
2023,Healthcare,3253,7426719.63,2385.51418114241,80000.0,False,False,82410.54613935969,3253,7426719.63,80000.0,80000.0,0.46048016356852833,0.5004319060311693,True,True,True
2023,Other,34275,79941202.71,24808.71920491426,60000.0,False,False,61807.90960451977,34275,79941202.71,60000.0,60000.0,0.49494570282529093,0.5369569763131726,True,True,True
2023,Tech,2206,5406057.609999999,1682.768444420135,110000.0,False,False,113314.5009416196,2206,5406057.609999999,110000.0,110000.0,0.47865641224640965,0.5032141786591136,True,True,True
2024,Finance,1722,4280034.279999999,1268.3292057800395,98000.0,False,False,98000.0,1722,4280034.279999999,98000.0,95000.0,0.4983799755921582,0.5023805697182407,True,True,True
2024,Healthcare,3125,7520137.82,2282.9394026703244,81120.0,False,False,81120.0,3125,7520137.82,81120.0,82000.0,0.4994884694812681,0.5000523407960626,True,True,True
2024,Other,33970,81180526.59,24400.53911488262,60000.0,False,False,60000.0,33970,81180526.59,60000.0,60000.0,0.4600325517548481,0.5038865035526743,True,True,True
2024,Tech,2149,5526093.99,1628.8778288816172,116000.0,False,False,116000.0,2149,5526093.99,116000.0,118000.0,0.49954533618057406,0.5006840645502666,True,True,True
