group,age_group,n_unweighted,weighted_population,weight_effective_n,weighted_median,small_cell,suppress_plot,audit_n,audit_population,audit_median,unweighted_median,fraction_below_median,fraction_at_or_below_median,median_match,count_match,population_match
Finance,25-29,542,552848.3700000001,398.3834646520628,77259.88700564971,False,False,542,552848.3700000001,77259.88700564971,75000.0,0.4848752772241449,0.5000175485127444,True,True,True
Finance,30-34,729,640524.1366666666,534.2154034859303,85725.04708097926,False,False,729,640524.1366666666,85725.04708097926,85000.0,0.49124324177822687,0.509126091168222,True,True,True
Finance,35-39,815,613333.01,602.6529189051504,99655.3672316384,False,False,815,613333.01,99655.3672316384,96440.67796610168,0.49908374136479844,0.5003052420087417,True,True,True
Finance,40-44,844,607778.1666666666,638.4336046832725,92711.86440677968,False,False,844,607778.1666666666,92711.86440677967,92203.98305084746,0.48866432352374184,0.5107581357123446,True,True,True
Finance,45-49,727,546074.0666666668,545.4584140348375,100000.0,False,False,727,546074.0666666668,100000.0,99098.68173258004,0.49913849903877494,0.5123214726305136,True,True,True
Finance,50-54,648,508908.0,495.583789506239,103000.0,False,False,648,508908.0,103000.0,100000.0,0.49749357447711573,0.5017304109976656,True,True,True
Finance,55-59,519,443824.41666666674,395.8233878216449,99200.0,False,False,519,443824.41666666674,99200.0,96832.39171374765,0.49951376792586694,0.5030870954410837,True,True,True
Finance,60-64,458,393810.9633333334,344.0408309206408,94800.0,False,False,458,393810.9633333334,94800.0,91382.29755178907,0.49894560663534593,0.5021511970942335,True,True,True
Healthcare,25-29,1088,998496.3033333332,796.5726997897218,65000.0,False,False,1088,998496.3033333333,65000.0,64293.78531073446,0.4914578501978163,0.5032520717961864,True,True,True
Healthcare,30-34,1490,1191470.2633333334,1063.5107786342223,78000.0,False,False,1490,1191470.2633333334,78000.0,75009.41619585687,0.49823699474676214,0.5033971543041363,True,True,True
Healthcare,35-39,1585,1139355.09,1157.0086209133756,85725.04708097926,False,False,1585,1139355.0899999999,85725.04708097926,85725.04708097926,0.4895517135633868,0.5005067823061202,True,True,True
Healthcare,40-44,1508,1047669.7066666668,1127.807987235046,92711.86440677968,False,False,1508,1047669.7066666667,92711.86440677967,91082.86252354048,0.49871012146474464,0.5038681974934899,True,True,True
Healthcare,45-49,1250,893217.06,936.2224430676284,92154.42561205271,False,False,1250,893217.06,92154.42561205271,92154.42561205271,0.49895730831652496,0.5004507713574868,True,True,True
Healthcare,50-54,1168,890616.5566666666,852.4944915808132,92711.86440677968,False,False,1168,890616.5566666666,92711.86440677967,92433.14500941618,0.49380170030299647,0.5068243641117729,True,True,True
Healthcare,55-59,863,715171.1033333334,643.6105102941185,85725.04708097926,False,False,863,715171.1033333334,85725.04708097926,85725.04708097926,0.4897965419753094,0.5112777790224942,True,True,True
Healthcare,60-64,704,579479.24,528.3031810521827,85000.0,False,False,704,579479.24,85000.0,83320.33898305084,0.49920326740264254,0.5010672110819133,True,True,True
Other,25-29,11989,10515348.343333334,8565.001848430815,50363.46516007532,False,False,11989,10515348.343333334,50363.46516007532,50000.0,0.49757150524171423,0.5002598229030678,True,True,True
Other,30-34,14330,11650134.936666667,10241.094935147255,58500.0,False,False,14330,11650134.936666667,58500.0,58717.51412429379,0.49984549148917273,0.5001599545135568,True,True,True
Other,35-39,15101,11186082.57,10918.938614790904,62150.659133709974,False,False,15101,11186082.57,62150.659133709974,62150.659133709974,0.49930702832874463,0.5016873138159453,True,True,True
Other,40-44,15203,10897465.07,11034.915771155464,63868.17325800376,False,False,15203,10897465.07,63868.173258003764,64293.78531073446,0.4997985337275629,0.5009935082697784,True,True,True
Other,45-49,13914,10072899.973333333,10143.704177393134,64293.78531073446,False,False,13914,10072899.973333333,64293.78531073446,65000.0,0.49072937417090584,0.5028573942700577,True,True,True
Other,50-54,12807,9939855.01,9355.361543290692,65928.43691148776,False,False,12807,9939855.01,65928.43691148776,65928.43691148776,0.49987449632493863,0.5006364058288881,True,True,True
Other,55-59,10991,8972852.16,8046.691197343293,64293.78531073446,False,False,10991,8972852.16,64293.78531073446,62150.659133709974,0.49964028345995465,0.5125063277538722,True,True,True
Other,60-64,8715,7129090.77,6405.141328948914,61807.90960451977,False,False,8715,7129090.77,61807.90960451977,60000.0,0.49212807259571484,0.5054524977897942,True,True,True
Tech,25-29,752,724992.22,564.5362581751044,96440.67796610168,False,False,752,724992.22,96440.67796610168,95901.12994350283,0.4964607436293133,0.5005539507720511,True,True,True
Tech,30-34,1092,964098.81,838.5845065150031,108163.84180790962,False,False,1092,964098.81,108163.84180790962,107156.30885122408,0.49937145619614093,0.5008219091844607,True,True,True
Tech,35-39,1081,860585.95,827.9694252587094,115000.0,False,False,1081,860585.95,115000.0,116264.59510357813,0.4967504833964193,0.5046932151285993,True,True,True
Tech,40-44,1050,771210.4233333333,793.272138376447,120015.065913371,False,False,1050,771210.4233333333,120015.06591337099,120000.0,0.4985538901365212,0.5017675310033306,True,True,True
Tech,45-49,883,693359.8600000001,688.5269560612537,117871.9397363465,False,False,883,693359.8600000001,117871.9397363465,117871.9397363465,0.4928787772629352,0.5035856705059332,True,True,True
Tech,50-54,753,640727.7466666667,585.1937701583596,123229.7551789077,False,False,753,640727.7466666667,123229.7551789077,121555.55555555556,0.49883794637601775,0.5002078053703142,True,True,True
Tech,55-59,589,496773.9066666667,456.633409777503,126750.51035781544,False,False,589,496773.9066666667,126750.51035781545,125372.8813559322,0.49991979584112883,0.5012434898955911,True,True,True
Tech,60-64,412,381488.8866666666,323.3106962035201,123229.7551789077,False,False,412,381488.8866666666,123229.7551789077,123229.7551789077,0.4874572493007355,0.5038149385671052,True,True,True
