income_year,group,n_unweighted,weighted_population,weight_effective_n,weighted_median,small_cell,suppress_plot,audit_n,audit_population,audit_median,unweighted_median,fraction_below_median,fraction_at_or_below_median,median_match,count_match,population_match
1975,Finance,830,1355319.5,782.135983492663,14000.0,False,False,830,1355319.5,14000.0,14000.0,0.4664448788643563,0.5034071154439967,True,True,True
1975,Healthcare,963,1576632.04,886.25783396183,10880.0,False,False,963,1576632.04,10880.0,10700.0,0.4994066846440594,0.5003922411725187,True,True,True
1975,Other,24156,38369537.83,22543.371956048693,11000.0,False,False,24156,38369537.83,11000.0,11000.0,0.48558107273923345,0.5109986374313334,True,True,True
1975,Tech,180,290647.19000000006,172.40062341635883,16355.0,False,False,180,290647.19000000006,16355.0,16352.0,0.49885443585399875,0.5039652370284399,True,True,True
1976,Finance,970,1345587.95,851.2967457372425,15210.0,False,False,970,1345587.95,15210.0,15000.0,0.49958913499485486,0.500814480391267,True,True,True
1976,Healthcare,1148,1627626.8,965.3365549165502,11500.0,False,False,1148,1627626.8,11500.0,11500.0,0.49667796082001103,0.5057582303265097,True,True,True
1976,Other,28644,39366498.99,24259.70809658121,12000.0,False,False,28644,39366498.99,12000.0,12000.0,0.4925582809618296,0.5271377382395974,True,True,True
1976,Tech,188,272027.92,163.21436383852773,17000.0,False,False,188,272027.92,17000.0,17000.0,0.47495694559587853,0.5103531284582848,True,True,True
1977,Finance,1050,1555878.0699999998,899.8497069688356,16000.0,False,False,1050,1555878.0699999998,16000.0,15800.0,0.4849106588410236,0.5034517518458244,True,True,True
1977,Healthcare,1141,1655756.15,964.9831706898736,12500.0,False,False,1141,1655756.15,12500.0,12500.0,0.49209978172208513,0.50168998013385,True,True,True
1977,Other,28726,40872056.46,24152.518720105727,12500.0,False,False,28726,40872056.46,12500.0,12374.0,0.4998920179119365,0.5064323443146858,True,True,True
1977,Tech,207,322948.14,175.9947048871714,18900.0,False,False,207,322948.14,18900.0,18900.0,0.49282197445075854,0.5059633103940465,True,True,True
1978,Finance,1092,1614539.59,943.289661121534,17500.0,False,False,1092,1614539.59,17500.0,17000.0,0.49667201409412326,0.5053177667820459,True,True,True
1978,Healthcare,1198,1742353.84,1042.1178373007074,13000.0,False,False,1198,1742353.8399999999,13000.0,13000.0,0.46527077990082666,0.5093037359162362,True,True,True
1978,Other,29428,42618299.42,24648.080598131288,13500.0,False,False,29428,42618299.42,13500.0,13240.0,0.49692831455544734,0.502485410995782,True,True,True
1978,Tech,221,351029.0,189.43514672943115,20000.0,False,False,221,351029.0,20000.0,20000.0,0.4697252648641566,0.5155736990391107,True,True,True
1979,Finance,1242,1578869.41,965.395895092594,18600.0,False,False,1242,1578869.41,18600.0,18047.0,0.498746213595968,0.5002641098734062,True,True,True
1979,Healthcare,1599,1984979.12,1255.9639001053615,14480.0,False,False,1599,1984979.12,14480.0,14265.0,0.4992442237881072,0.5003794347217113,True,True,True
1979,Other,34862,43283338.78,26946.62363155591,15000.0,False,False,34862,43283338.78,15000.0,14500.0,0.4995020691423657,0.5305884935709204,True,True,True
1979,Tech,298,418565.23,249.14146436823307,20600.0,False,False,298,418565.23,20600.0,20033.5,0.49570909174658395,0.5037365143779381,True,True,True
1980,Finance,1353,1775891.5699999998,1075.9878163861065,20000.0,False,False,1353,1775891.5699999998,20000.0,19500.0,0.47891078169823176,0.5291666483894623,True,True,True
1980,Healthcare,1653,2122500.18,1309.115411207881,15600.0,False,False,1653,2122500.18,15600.0,15500.0,0.4979078070089964,0.5009027937985852,True,True,True
1980,Other,34782,44340600.28,26890.408830380948,16000.0,False,False,34782,44340600.28,16000.0,15756.0,0.49419741279154367,0.5173728983174696,True,True,True
1980,Tech,314,446606.4,248.2371929667217,24000.0,False,False,314,446606.4,24000.0,23000.0,0.4953012092974933,0.5353270575611992,True,True,True
1981,Finance,1323,1939066.65,1111.34165919052,21600.0,False,False,1323,1939066.65,21600.0,21000.0,0.4996365648390684,0.5007013709404987,True,True,True
1981,Healthcare,1550,2284732.3600000003,1285.8517011688643,18000.0,False,False,1550,2284732.3600000003,18000.0,17436.0,0.49935492663131875,0.5378800210979635,True,True,True
1981,Other,31185,44743539.32,25116.162092379906,17000.0,False,False,31185,44743539.32,17000.0,17000.0,0.48600362310363604,0.5055266394603135,True,True,True
1981,Tech,313,482772.43000000005,268.41213455432006,26000.0,False,False,313,482772.43000000005,26000.0,25500.0,0.4999138413931383,0.5238461939510505,True,True,True
1982,Finance,1259,1849215.81,1035.4813520060125,23000.0,False,False,1259,1849215.81,23000.0,22269.0,0.49951285026056536,0.5244988955615731,True,True,True
1982,Healthcare,1352,2018871.94,1101.5101418487222,19000.0,False,False,1352,2018871.94,19000.0,19000.0,0.49011056639877815,0.5174140019995523,True,True,True
1982,Other,30547,44038045.74,24505.95483165228,18000.0,False,False,30547,44038045.74,18000.0,18000.0,0.48230126185431405,0.5086666357143395,True,True,True
1982,Tech,300,457677.41,256.3267801249825,27000.0,False,False,300,457677.41000000003,27000.0,26389.0,0.49192923898079216,0.5124959958150436,True,True,True
1983,Finance,1265,1914342.06,1058.6046313317158,24000.0,False,False,1265,1914342.0599999998,24000.0,24000.0,0.4861029329314324,0.5091753560489604,True,True,True
1983,Healthcare,1349,2039496.42,1093.42192164444,20000.0,False,False,1349,2039496.42,20000.0,20000.0,0.48559588547843585,0.534855560079875,True,True,True
1983,Other,31474,46504535.06,25006.925565507496,18700.0,False,False,31474,46504535.06,18700.0,18338.5,0.4993022493406689,0.5000847280807112,True,True,True
1983,Tech,376,608111.03,321.93448232819276,28000.0,False,False,376,608111.03,28000.0,28000.0,0.4888164584023414,0.5235532728291411,True,True,True
1984,Finance,1307,2012769.24,1048.1092499458755,25000.0,False,False,1307,2012769.2400000002,25000.0,25000.0,0.48159568456044166,0.525015262057562,True,True,True
1984,Healthcare,1401,2104207.04,1150.2324839526073,21549.0,False,False,1401,2104207.04,21549.0,21000.0,0.49991224247591143,0.5007776278516776,True,True,True
1984,Other,33493,49581443.42,26760.337559812808,20000.0,False,False,33493,49581443.42,20000.0,20000.0,0.4882842059461769,0.52498459735241,True,True,True
1984,Tech,364,576212.63,314.75042700780193,28000.0,False,False,364,576212.63,28000.0,28000.0,0.4870488520878135,0.5231149480357624,True,True,True
1985,Finance,1374,2144275.6799999997,1133.8108112505993,26168.0,False,False,1374,2144275.6799999997,26168.0,26800.0,0.49984400793092065,0.5004850728895084,True,True,True
1985,Healthcare,1438,2214001.2800000003,1166.743414359789,22500.0,False,False,1438,2214001.2800000003,22500.0,22380.0,0.49702983008212176,0.5001539791341042,True,True,True
1985,Other,33352,51164908.06,26988.67529462938,20592.0,False,False,33352,51164908.06,20592.0,20000.0,0.4999789871605214,0.5000831098923312,True,True,True
1985,Tech,399,648978.96,330.2835451379309,31000.0,False,False,399,648978.96,31000.0,30000.0,0.4974819060389877,0.5141200109168408,True,True,True
1986,Finance,1393,2237794.43,1135.977443195841,29487.0,False,False,1393,2237794.43,29487.0,28450.0,0.4999934600784577,0.5003487920916846,True,True,True
1986,Healthcare,1542,2449017.63,1267.5299030091492,23832.0,False,False,1542,2449017.63,23832.0,23055.5,0.49934382056694315,0.5002910656874284,True,True,True
1986,Other,33508,52577153.45,27060.053522402373,21300.0,False,False,33508,52577153.45,21300.0,21000.0,0.4997996170521095,0.5002031354742351,True,True,True
1986,Tech,391,656816.97,334.0232280514269,31000.0,False,False,391,656816.97,31000.0,31000.0,0.48247992130897593,0.5007507038071808,True,True,True
1987,Finance,1526,2449137.25,1241.28531000749,28000.0,False,False,1526,2449137.25,28000.0,28061.5,0.4931545383991852,0.5066141924059177,True,True,True
1987,Healthcare,1565,2499109.18,1293.3326595297297,25000.0,False,False,1565,2499109.18,25000.0,25000.0,0.461548346599247,0.5046837369466187,True,True,True
1987,Other,34371,54188451.84,27587.32875296935,22000.0,False,False,34371,54188451.839999996,22000.0,22000.0,0.48848317014402465,0.5122719248736523,True,True,True
1987,Tech,460,782421.79,376.69393823096743,34000.0,False,False,460,782421.79,34000.0,33875.0,0.48999847000682323,0.5144947330774108,True,True,True
1988,Finance,1393,2458941.7199999997,1022.3907841064674,30000.0,False,False,1393,2458941.7199999997,30000.0,30000.0,0.47588716742745746,0.5166713873966887,True,True,True
1988,Healthcare,1513,2662641.08,1156.722423431327,26000.0,False,False,1513,2662641.08,26000.0,26000.0,0.4740051445461811,0.5047876749501663,True,True,True
1988,Other,32572,56290957.510000005,24219.169229042473,23000.0,False,False,32572,56290957.510000005,23000.0,22301.5,0.496036666191717,0.5137466355029141,True,True,True
1988,Tech,476,917385.19,345.66704913469476,36000.0,False,False,476,917385.1900000001,36000.0,35000.0,0.4939114506524788,0.5124891104902184,True,True,True
1989,Finance,1553,2617873.6,1212.705798179565,31927.0,False,False,1553,2617873.6,31927.0,30779.0,0.49996044881616897,0.5012955552934258,True,True,True
1989,Healthcare,1602,2551125.1100000003,1243.1119389579894,28400.0,False,False,1602,2551125.1100000003,28400.0,28000.0,0.49969816650818816,0.5006288303908386,True,True,True
1989,Other,35716,56942115.150000006,27785.04921387126,24000.0,False,False,35716,56942115.150000006,24000.0,23500.0,0.496888678712877,0.5168523930393548,True,True,True
1989,Tech,541,922805.57,427.8711919283718,36000.0,False,False,541,922805.5700000001,36000.0,35600.0,0.4888129576417705,0.5141377397624506,True,True,True
1990,Finance,1580,2619177.94,1249.979542039196,31200.0,False,False,1580,2619177.94,31200.0,31000.0,0.49807646134954847,0.5000046617680355,True,True,True
1990,Healthcare,1629,2638625.63,1257.9634988970454,30000.0,False,False,1629,2638625.63,30000.0,30000.0,0.47312526483720996,0.5271537857380701,True,True,True
1990,Other,35448,57077974.42999999,27255.006206628397,24400.0,False,False,35448,57077974.42999999,24400.0,24000.0,0.49997126448483187,0.5000728209969171,True,True,True
1990,Tech,532,930894.62,414.9932817684137,37000.0,False,False,532,930894.6200000001,37000.0,37000.0,0.49403040915630164,0.5053146402328547,True,True,True
1991,Finance,1477,2489344.0300000003,1128.46189321978,34500.0,False,False,1477,2489344.0300000003,34500.0,34000.0,0.4996444143560181,0.5016359912293841,True,True,True
1991,Healthcare,1855,3059575.38,1443.5280107239382,31445.0,False,False,1855,3059575.38,31445.0,31000.0,0.49905652594184496,0.5003850468949714,True,True,True
1991,Other,34670,57022665.12,26242.40044004128,25000.0,False,False,34670,57022665.12,25000.0,25000.0,0.48283513357468977,0.5168148982160377,True,True,True
1991,Tech,501,895905.0199999999,385.6032038693781,39000.0,False,False,501,895905.0199999999,39000.0,39000.0,0.4909602136172873,0.5051788972005091,True,True,True
1992,Finance,1513,2602548.8499999996,1186.6642035043412,35000.0,False,False,1513,2602548.8499999996,35000.0,35000.0,0.4751387740522143,0.5119846184635497,True,True,True
1992,Healthcare,1851,3133987.42,1429.034962810921,33000.0,False,False,1851,3133987.42,33000.0,33000.0,0.48470354102442437,0.5021048552900701,True,True,True
1992,Other,34738,58173651.66,26191.04326044047,26000.0,False,False,34738,58173651.66,26000.0,25000.0,0.4977774417401942,0.5155138327102914,True,True,True
1992,Tech,558,1016632.04,430.92700789179014,40000.0,False,False,558,1016632.04,40000.0,40000.0,0.4797467724900742,0.5331110162532355,True,True,True
1993,Finance,1466,2637861.93,1125.0189012944113,35000.0,False,False,1466,2637861.93,35000.0,35000.0,0.4597575203642291,0.5096413632232829,True,True,True
1993,Healthcare,2015,3524955.21,1578.5589642890247,34800.0,False,False,2015,3524955.21,34800.0,34240.0,0.4986676781064688,0.5001145021641282,True,True,True
1993,Other,33610,58906948.0,25388.019047969352,26000.0,False,False,33610,58906948.0,26000.0,26000.0,0.49289515797016004,0.5110421324153477,True,True,True
1993,Tech,592,1110972.58,467.0101552104078,43349.0,False,False,592,1110972.58,43349.0,42000.0,0.4997284451430836,0.5018283979610009,True,True,True
1994,Finance,1477,2651960.58,1156.1155863886672,36070.0,False,False,1477,2651960.58,36070.0,36000.0,0.4993611028712953,0.5006720763549208,True,True,True
1994,Healthcare,2085,3644940.99,1575.6306812763603,36000.0,False,False,2085,3644940.99,36000.0,35000.0,0.4972923937514828,0.5147062284813559,True,True,True
1994,Other,34278,61089594.88,25639.797958657466,27000.0,False,False,34278,61089594.88,27000.0,26602.0,0.49834109359868783,0.5128948095260311,True,True,True
1994,Tech,638,1150644.77,499.6474272113698,45608.0,False,False,638,1150644.77,45608.0,45000.0,0.49951787466083036,0.5001671367263069,True,True,True
1995,Finance,1343,2855351.66,1094.7493813812507,36000.0,False,False,1343,2855351.66,36000.0,36000.0,0.4949727067943708,0.5096078533458116,True,True,True
1995,Healthcare,1846,3819233.99,1492.12283498695,36000.0,False,False,1846,3819233.99,36000.0,36000.0,0.48402057712101576,0.5040322627627222,True,True,True
1995,Other,30418,62877721.59,24132.00181932883,27000.0,False,False,30418,62877721.59,27000.0,27000.0,0.49067152911766304,0.5047581615146752,True,True,True
1995,Tech,554,1255885.8199999998,468.1564007917163,45000.0,False,False,554,1255885.8199999998,45000.0,44000.0,0.4894405926169307,0.514592807489458,True,True,True
1996,Finance,1406,2953378.35,1166.243232473084,36000.0,False,False,1406,2953378.35,36000.0,36000.0,0.49081814729223566,0.5109318621503405,True,True,True
1996,Healthcare,1960,4071800.08,1596.1773451071456,35000.0,False,False,1960,4071800.08,35000.0,35000.0,0.47860148379387035,0.5150089613437013,True,True,True
1996,Other,30859,63902647.44,24550.61992358268,28000.0,False,False,30859,63902647.44,28000.0,27900.0,0.48902601757370945,0.5069548572368193,True,True,True
1996,Tech,641,1450916.25,541.8289501028811,47020.0,False,False,641,1450916.25,47020.0,46000.0,0.4988682358475205,0.502493097034374,True,True,True
1997,Finance,1397,2951909.5700000003,1158.354085840023,37335.0,False,False,1397,2951909.5700000003,37335.0,37000.0,0.4993967684450441,0.5000674190707,True,True,True
1997,Healthcare,1967,4118203.28,1621.7637342661017,36000.0,False,False,1967,4118203.2800000003,36000.0,36000.0,0.4996859844179426,0.5146286780675867,True,True,True
1997,Other,31618,65899011.32,25190.098001548464,30000.0,False,False,31618,65899011.32,30000.0,29062.0,0.49217873728792083,0.5359269776977892,True,True,True
1997,Tech,652,1440692.75,538.5071783629589,49200.0,False,False,652,1440692.75,49200.0,49000.0,0.49905828289897347,0.5006911848484003,True,True,True
1998,Finance,1459,3112039.49,1197.3590331139858,40000.0,False,False,1459,3112039.49,40000.0,40000.0,0.4684089596819352,0.5126817301408987,True,True,True
1998,Healthcare,1992,4170167.3,1609.019570553507,38000.0,False,False,1992,4170167.3,38000.0,37990.0,0.4997625754726915,0.5133054422061197,True,True,True
1998,Other,32771,68319181.92,25856.58375739441,30000.0,False,False,32771,68319181.92,30000.0,30000.0,0.4692637164119017,0.5124217500290583,True,True,True
1998,Tech,763,1675770.54,620.523506732007,55000.0,False,False,763,1675770.54,55000.0,53000.0,0.49014522596870574,0.5263770062457358,True,True,True
1999,Finance,1462,3154644.72,1197.3120732793925,45000.0,False,False,1462,3154644.72,45000.0,44000.0,0.493342663956149,0.5232261051570967,True,True,True
1999,Healthcare,1934,4041946.35,1546.358295406738,40000.0,False,False,1934,4041946.35,40000.0,40000.0,0.486944402416425,0.5388739857964716,True,True,True
1999,Other,33764,69729411.39,26554.782565923422,31000.0,False,False,33764,69729411.39,31000.0,30000.0,0.49145255992960424,0.5002403832854153,True,True,True
1999,Tech,794,1832957.19,648.2322433056518,57000.0,False,False,794,1832957.19,57000.0,55000.0,0.4970553294809902,0.5052775291494943,True,True,True
2000,Finance,2436,3346348.02,1732.2726028046898,46002.0,False,False,2436,3346348.02,46002.0,45000.0,0.49991468610010265,0.5001799962216721,True,True,True
2000,Healthcare,3465,4502316.6,2447.7743179458685,40000.0,False,False,3465,4502316.6,40000.0,40000.0,0.47246309155602256,0.5147510728143818,True,True,True
2000,Other,54248,71900597.43,38273.90593407353,32000.0,False,False,54248,71900597.43,32000.0,32000.0,0.483837272337947,0.5045882170217177,True,True,True
2000,Tech,1395,1996757.16,1008.7410977268112,60000.0,False,False,1395,1996757.1600000001,60000.0,60000.0,0.45818102387573256,0.5064122369292018,True,True,True
2001,Finance,2472,3370448.0,1756.6072363341632,47000.0,False,False,2472,3370448.0,47000.0,47000.0,0.4924758192382734,0.5000655461825846,True,True,True
2001,Healthcare,3566,4674346.74,2534.4079065418855,43000.0,False,False,3566,4674346.74,43000.0,43000.0,0.4959464795716032,0.502857965132471,True,True,True
2001,Other,53193,71036645.57000001,37513.607759505656,33813.0,False,False,53193,71036645.57000001,33813.0,33000.0,0.49999509063248687,0.5000333521519912,True,True,True
2001,Tech,1336,1942671.72,972.2388823155812,63000.0,False,False,1336,1942671.72,63000.0,62000.0,0.4966590752656862,0.5078029755845728,True,True,True
2002,Finance,2447,3343950.48,1736.7764235332995,49000.0,False,False,2447,3343950.48,49000.0,48000.0,0.49529170659249716,0.500621662914099,True,True,True
2002,Healthcare,3140,4344967.76,2245.6477026429716,46000.0,False,False,3140,4344967.76,46000.0,45000.0,0.4991801734335538,0.5104172211395189,True,True,True
2002,Other,51792,70248840.28999999,36433.37960361706,34500.0,False,False,51792,70248840.28999999,34500.0,34000.0,0.49984832212238656,0.5003952370585107,True,True,True
2002,Tech,1815,2677609.44,1309.1179997390389,60000.0,False,False,1815,2677609.44,60000.0,60000.0,0.45865932934565695,0.507094477527686,True,True,True
2003,Finance,2429,3445405.69,1705.9591986392234,50000.0,False,False,2429,3445405.69,50000.0,50000.0,0.49154113981857395,0.5368699904828914,True,True,True
2003,Healthcare,3209,4497900.239999999,2262.2441806650536,48000.0,False,False,3209,4497900.239999999,48000.0,48000.0,0.4961409570969054,0.5111267429977505,True,True,True
2003,Other,50612,70147226.2,34909.7724322077,35000.0,False,False,50612,70147226.2,35000.0,35000.0,0.4869834927271864,0.5186900077311967,True,True,True
2003,Tech,1813,2682197.45,1262.146653504501,63000.0,False,False,1813,2682197.45,63000.0,63000.0,0.4943369363057145,0.5011352613134428,True,True,True
2004,Finance,2393,3443352.49,1690.259552630907,50000.0,False,False,2393,3443352.4899999998,50000.0,50000.0,0.4700890584687135,0.5294626081107369,True,True,True
2004,Healthcare,3224,4525289.09,2249.584407635668,50000.0,False,False,3224,4525289.09,50000.0,50000.0,0.49297442785031,0.5435433341563599,True,True,True
2004,Other,50098,71331686.56,34718.19937755852,35000.0,False,False,50098,71331686.56,35000.0,35000.0,0.47575160810833916,0.5113000042319481,True,True,True
2004,Tech,1827,2705515.98,1314.619938776456,65000.0,False,False,1827,2705515.98,65000.0,64300.0,0.4886833194753483,0.5270360073792651,True,True,True
2005,Finance,2373,3562281.48,1727.3555224294637,54000.0,False,False,2373,3562281.48,54000.0,52000.0,0.49679912997779163,0.5025605528510902,True,True,True
2005,Healthcare,3177,4616382.53,2309.0442499600904,50000.0,False,False,3177,4616382.53,50000.0,50000.0,0.4697660551106886,0.5172526593024777,True,True,True
2005,Other,50386,72846573.16,35960.002946266606,36000.0,False,False,50386,72846573.16,36000.0,36000.0,0.49797539522310735,0.5117206452268482,True,True,True
2005,Tech,1932,2935405.27,1426.037206046958,65500.0,False,False,1932,2935405.27,65500.0,66734.0,0.49914512145029977,0.5003961889051183,True,True,True
2006,Finance,2423,3694155.67,1772.514181792959,55000.0,False,False,2423,3694155.67,55000.0,54000.0,0.49175817217253326,0.5158202631996827,True,True,True
2006,Healthcare,3312,4804468.1,2375.7001802958857,52000.0,False,False,3312,4804468.1,52000.0,51000.0,0.49771146987113934,0.510832037785827,True,True,True
2006,Other,50654,74753674.47999999,36070.38844565225,37000.0,False,False,50654,74753674.47999999,37000.0,37000.0,0.4955745850314221,0.5035117996784257,True,True,True
2006,Tech,1929,3032719.38,1414.9525747432017,70000.0,False,False,1929,3032719.38,70000.0,70002.0,0.47131731324248016,0.5089066170045711,True,True,True
2007,Finance,2450,3728376.52,1789.8616814340007,55000.0,False,False,2450,3728376.52,55000.0,55000.0,0.48539987318662753,0.5105558544822077,True,True,True
2007,Healthcare,3437,5121720.09,2518.620459313999,53779.0,False,False,3437,5121720.09,53779.0,54000.0,0.4997563972692619,0.5004509451823635,True,True,True
2007,Other,50504,74827861.77000001,36100.50639578472,39000.0,False,False,50504,74827861.77000001,39000.0,39000.0,0.49758347718720325,0.504804174227308,True,True,True
2007,Tech,2161,3322070.3400000003,1612.9048719274112,72000.0,False,False,2161,3322070.3400000003,72000.0,72000.0,0.49961774740747955,0.5165894289884301,True,True,True
2008,Finance,2475,3609973.74,1752.2751317186878,58000.0,False,False,2475,3609973.74,58000.0,57000.0,0.4957579137403919,0.502257387611911,True,True,True
2008,Healthcare,3515,5205801.21,2574.750189720864,55000.0,False,False,3515,5205801.21,55000.0,55000.0,0.4844664516108175,0.5111050081760614,True,True,True
2008,Other,48757,71880283.69999999,34836.21607002449,40000.0,False,False,48757,71880283.69999999,40000.0,40000.0,0.48832541878239705,0.5289572881861067,True,True,True
2008,Tech,2199,3249104.92,1613.461369711923,74000.0,False,False,2199,3249104.92,74000.0,74292.0,0.4981752913045357,0.5019923733333919,True,True,True
2009,Finance,2397,3594911.4699999997,1708.8655444595952,58000.0,False,False,2397,3594911.4699999997,58000.0,58000.0,0.4996419007781574,0.506056309086243,True,True,True
2009,Healthcare,3633,5394955.46,2649.9572328647723,55000.0,False,False,3633,5394955.46,55000.0,55000.0,0.4720215502946896,0.500889299278849,True,True,True
2009,Other,46723,68086186.94999999,33588.6582739849,40000.0,False,False,46723,68086186.94999999,40000.0,40000.0,0.47620012343781287,0.5179458318894741,True,True,True
2009,Tech,2166,3299355.34,1603.324753321062,75000.0,False,False,2166,3299355.34,75000.0,75000.0,0.4778254742333998,0.5027617819425294,True,True,True
2010,Finance,2341,3601964.76,1675.2104391367018,60000.0,False,False,2341,3601964.7600000002,60000.0,60000.0,0.4839475886488128,0.5262736995794484,True,True,True
2010,Healthcare,3521,5367920.6899999995,2550.5607377568163,58000.0,False,False,3521,5367920.6899999995,58000.0,58000.0,0.49970781144309356,0.509079872415179,True,True,True
2010,Other,45958,68824668.17,32879.30660071029,40000.0,False,False,45958,68824668.17,40000.0,40000.0,0.4698329402784536,0.512459132136779,True,True,True
2010,Tech,2177,3296222.45,1583.7416063041237,75000.0,False,False,2177,3296222.45,75000.0,75000.0,0.47850560874615733,0.514737647636615,True,True,True
2011,Finance,2336,3608316.28,1671.8219547742196,60000.0,False,False,2336,3608316.2800000003,60000.0,60000.0,0.4914630681986668,0.5251396920227847,True,True,True
2011,Healthcare,3556,5541690.74,2585.552314781426,60000.0,False,False,3556,5541690.74,60000.0,60000.0,0.49863300744205724,0.5357391722656828,True,True,True
2011,Other,45710,70015327.0,32554.998776997458,40000.0,False,False,45710,70015327.0,40000.0,40000.0,0.4605351258303771,0.5011567842852466,True,True,True
2011,Tech,2166,3396282.98,1584.3474424363735,76000.0,False,False,2166,3396282.98,76000.0,75575.0,0.49703533832154356,0.5007551755890495,True,True,True
2012,Finance,2355,3740433.01,1709.6397116588353,60000.0,False,False,2355,3740433.01,60000.0,60000.0,0.4809983002475962,0.5280337208873045,True,True,True
2012,Healthcare,3631,5641527.37,2674.754807268985,60000.0,False,False,3631,5641527.37,60000.0,60000.0,0.4908038352741343,0.5431768507045283,True,True,True
2012,Other,45824,70574838.46,33031.3953149787,41000.0,False,False,45824,70574838.46,41000.0,41600.0,0.4980348537378713,0.5027463358645852,True,True,True
2012,Tech,2329,3664111.22,1755.964220319171,80000.0,False,False,2329,3664111.2199999997,80000.0,80000.0,0.483932646564151,0.5219873893456761,True,True,True
2013,Finance,1580,3604424.56,1090.6081108677583,62000.0,False,False,1580,3604424.5599999996,62000.0,60473.0,0.4957070040605872,0.5054625279770039,True,True,True
2013,Healthcare,2519,5720200.12,1753.521318366469,60000.0,False,False,2519,5720200.12,60000.0,60000.0,0.4945453149635611,0.5426210490691714,True,True,True
2013,Other,32143,72490099.10999998,21953.23480990204,42000.0,False,False,32143,72490099.10999998,42000.0,42000.0,0.49605393483369464,0.5092759506919649,True,True,True
2013,Tech,1521,3561541.08,1067.602739237488,80000.0,False,False,1521,3561541.08,80000.0,80000.0,0.4886512076957428,0.5260334130415252,True,True,True
2014,Finance,2311,3861032.03,1709.3331967337904,63000.0,False,False,2311,3861032.0300000003,63000.0,64000.0,0.4978440207345288,0.5058589555394079,True,True,True
2014,Healthcare,3789,6135006.5600000005,2789.496013079098,58002.0,False,False,3789,6135006.5600000005,58002.0,60000.0,0.4997409261123919,0.5002888130571126,True,True,True
2014,Other,46097,73566257.82,33307.43637392765,42000.0,False,False,46097,73566257.82,42000.0,42000.0,0.49288671905426557,0.5070022364228504,True,True,True
2014,Tech,2282,3876086.28,1744.4716808028422,83200.0,False,False,2282,3876086.2800000003,83200.0,85000.0,0.4997610940693508,0.5001937908358428,True,True,True
2015,Finance,2231,4027897.77,1648.3045119067897,65000.0,False,False,2231,4027897.77,65000.0,65000.0,0.49512754639748463,0.5254084067779109,True,True,True
2015,Healthcare,3562,6219142.13,2611.754117537651,60000.0,False,False,3562,6219142.13,60000.0,60000.0,0.46736223569793217,0.5202102737600564,True,True,True
2015,Other,43157,74998154.39000002,31162.25452065327,44900.0,False,False,43157,74998154.39000002,44900.0,44000.0,0.4998909103155064,0.5000329906118371,True,True,True
2015,Tech,2215,4200497.790000001,1701.7427714110368,85000.0,False,False,2215,4200497.790000001,85000.0,83000.0,0.49622086814620114,0.5193539739964961,True,True,True
2016,Finance,2182,3895294.64,1592.8309959261596,67000.0,False,False,2182,3895294.64,67000.0,67000.0,0.49670583327170337,0.501087571131718,True,True,True
2016,Healthcare,3721,6541349.16,2715.968180492799,62000.0,False,False,3721,6541349.16,62000.0,62000.0,0.49606968694513165,0.5021715107468747,True,True,True
2016,Other,44042,76846535.66,31747.22640554636,45000.0,False,False,44042,76846535.66,45000.0,45000.0,0.47990447341917297,0.5107525173763963,True,True,True
2016,Tech,2257,4200541.28,1714.410390745051,83000.0,False,False,2257,4200541.28,83000.0,83500.0,0.49780765396977594,0.5028679351533475,True,True,True
2017,Finance,2129,4038918.84,1548.376318963118,70000.0,False,False,2129,4038918.84,70000.0,68000.0,0.49427768149953716,0.5300600370568477,True,True,True
2017,Healthcare,3484,6463667.6,2556.107961062914,62840.0,False,False,3484,6463667.6,62840.0,63645.0,0.4996195225138124,0.5003685925928493,True,True,True
2017,Other,42891,78080224.5,30953.191482055263,45550.0,False,False,42891,78080224.5,45550.0,45000.0,0.4999826133952779,0.5000046207602797,True,True,True
2017,Tech,2240,4350245.37,1691.2907850031872,90000.0,False,False,2240,4350245.37,90000.0,90000.0,0.485671126638082,0.514768135940801,True,True,True
2018,Finance,2177,4185547.4,1626.8993683368485,70000.0,False,False,2177,4185547.4,70000.0,69000.0,0.4926931277853884,0.5223980858513274,True,True,True
2018,Healthcare,3642,6693836.869999999,2673.7135461919397,65000.0,False,False,3642,6693836.869999999,65000.0,65000.0,0.48920317802725316,0.5111092257615774,True,True,True
2018,Other,43536,79385450.96000001,31532.305743377623,49000.0,False,False,43536,79385450.96000001,49000.0,48000.0,0.4998119521925053,0.5047645307222677,True,True,True
2018,Tech,2294,4460323.73,1763.0770752118187,90000.0,False,False,2294,4460323.73,90000.0,90000.0,0.4816648745807515,0.5046577863530995,True,True,True
2019,Finance,1949,4365327.7742,1409.3214844761917,74000.0,False,False,1949,4365327.7742,74000.0,72000.0,0.4993992755560078,0.5003835408213548,True,True,True
2019,Healthcare,3505,7303350.4915,2529.1915545439533,67000.0,False,False,3505,7303350.4915000005,67000.0,68000.0,0.4987523229289617,0.5028000256010992,True,True,True
2019,Other,37124,78586559.9832,26470.14482532985,50000.0,False,False,37124,78586559.9832,50000.0,50000.0,0.48002823727065386,0.521390942426534,True,True,True
2019,Tech,2283,5131455.7583,1715.5084156106475,92000.0,False,False,2283,5131455.7583,92000.0,92000.0,0.49852066372437853,0.5012607882158071,True,True,True
2020,Finance,1877,4067600.4398,1402.6459749667686,75000.0,False,False,1877,4067600.4398,75000.0,75000.0,0.4802025543826622,0.5140335595260204,True,True,True
2020,Healthcare,3405,6760030.6577,2457.7397981259537,72000.0,False,False,3405,6760030.6577,72000.0,72000.0,0.4901073170468795,0.50265347409772,True,True,True
2020,Other,34784,70542231.7245,25066.98132152184,52600.0,False,False,34784,70542231.7245,52600.0,52000.0,0.4998892134306082,0.5000243829931086,True,True,True
2020,Tech,2279,5038967.8113,1766.910258507877,100000.0,False,False,2279,5038967.8113,100000.0,100000.0,0.48374288623826994,0.5382219159682052,True,True,True
2021,Finance,1746,3954446.19,1263.3158359183071,85000.0,False,False,1746,3954446.1900000004,85000.0,84500.0,0.4803702588756176,0.5057220161592336,True,True,True
2021,Healthcare,3454,7443422.040000001,2465.3677966202727,74000.0,False,False,3454,7443422.040000001,74000.0,74250.0,0.4984458693947709,0.5017540588092194,True,True,True
2021,Other,35405,77615083.15,25397.96026528444,53977.0,False,False,35405,77615083.15,53977.0,54000.0,0.49996453788505674,0.500013598194541,True,True,True
2021,Tech,2239,5277768.01,1714.83995703597,100000.0,False,False,2239,5277768.01,100000.0,100000.0,0.4532944637708698,0.509265468832155,True,True,True
2022,Finance,1739,4181662.47,1280.4963660207616,80000.0,False,False,1739,4181662.4699999997,80000.0,80000.0,0.4691210000983174,0.5037078662161847,True,True,True
2022,Healthcare,3278,7419568.52,2377.151856863152,78000.0,False,False,3278,7419568.52,78000.0,80000.0,0.49383580057563775,0.5009416100115752,True,True,True
2022,Other,34805,79969457.2,25146.693718771825,56000.0,False,False,34805,79969457.2,56000.0,56000.0,0.49741858407912265,0.5045462783258707,True,True,True
2022,Tech,2257,5667561.8100000005,1731.4944629105214,109000.0,False,False,2257,5667561.8100000005,109000.0,107000.0,0.4991457499428665,0.5010299058388213,True,True,True
2023,Finance,1821,4459606.640000001,1352.7260520809482,90000.0,False,False,1821,4459606.640000001,90000.0,90000.0,0.47974210344255835,0.520561869555383,True,True,True
2023,Healthcare,3253,7426719.63,2385.51418114241,80000.0,False,False,3253,7426719.63,80000.0,80000.0,0.46048016356852833,0.5004319060311693,True,True,True
2023,Other,34275,79941202.71,24808.71920491426,60000.0,False,False,34275,79941202.71,60000.0,60000.0,0.49494570282529093,0.5369569763131726,True,True,True
2023,Tech,2206,5406057.609999999,1682.768444420135,110000.0,False,False,2206,5406057.609999999,110000.0,110000.0,0.47865641224640965,0.5032141786591136,True,True,True
2024,Finance,1722,4280034.279999999,1268.3292057800395,98000.0,False,False,1722,4280034.279999999,98000.0,95000.0,0.4983799755921582,0.5023805697182407,True,True,True
2024,Healthcare,3125,7520137.82,2282.9394026703244,81120.0,False,False,3125,7520137.82,81120.0,82000.0,0.4994884694812681,0.5000523407960626,True,True,True
2024,Other,33970,81180526.59,24400.53911488262,60000.0,False,False,33970,81180526.59,60000.0,60000.0,0.4600325517548481,0.5038865035526743,True,True,True
2024,Tech,2149,5526093.99,1628.8778288816172,116000.0,False,False,2149,5526093.99,116000.0,118000.0,0.49954533618057406,0.5006840645502666,True,True,True
