income_year,group,n_unweighted,weighted_population,weight_effective_n,weighted_median,small_cell,suppress_plot
1975,Tech,180,290647.19000000006,172.40062341635883,16355.0,False,False
1975,Finance,830,1355319.5,782.135983492663,14000.0,False,False
1975,Healthcare,963,1576632.04,886.25783396183,10880.0,False,False
1975,Other,24156,38369537.83,22543.371956048693,11000.0,False,False
1976,Tech,188,272027.92,163.21436383852773,17000.0,False,False
1976,Finance,970,1345587.95,851.2967457372425,15210.0,False,False
1976,Healthcare,1148,1627626.8,965.3365549165502,11500.0,False,False
1976,Other,28644,39366498.99,24259.708096581206,12000.0,False,False
1977,Tech,207,322948.14,175.9947048871714,18900.0,False,False
1977,Finance,1050,1555878.0699999998,899.8497069688356,16000.0,False,False
1977,Healthcare,1141,1655756.15,964.9831706898736,12500.0,False,False
1977,Other,28726,40872056.46,24152.518720105727,12500.0,False,False
1978,Tech,221,351029.0,189.43514672943115,20000.0,False,False
1978,Finance,1092,1614539.59,943.2896611215341,17500.0,False,False
1978,Healthcare,1198,1742353.8399999999,1042.1178373007074,13000.0,False,False
1978,Other,29428,42618299.42,24648.080598131288,13500.0,False,False
1979,Tech,298,418565.23,249.14146436823307,20600.0,False,False
1979,Finance,1242,1578869.41,965.395895092594,18600.0,False,False
1979,Healthcare,1599,1984979.12,1255.9639001053615,14480.0,False,False
1979,Other,34862,43283338.78,26946.623631555914,15000.0,False,False
1980,Tech,314,446606.4,248.23719296672166,24000.0,False,False
1980,Finance,1353,1775891.5699999998,1075.9878163861063,20000.0,False,False
1980,Healthcare,1653,2122500.18,1309.115411207881,15600.0,False,False
1980,Other,34782,44340600.28,26890.408830380948,16000.0,False,False
1981,Tech,313,482772.43000000005,268.41213455432006,26000.0,False,False
1981,Finance,1323,1939066.65,1111.34165919052,21600.0,False,False
1981,Healthcare,1550,2284732.3600000003,1285.8517011688643,18000.0,False,False
1981,Other,31185,44743539.32,25116.162092379902,17000.0,False,False
1982,Tech,300,457677.41000000003,256.3267801249825,27000.0,False,False
1982,Finance,1259,1849215.81,1035.4813520060125,23000.0,False,False
1982,Healthcare,1352,2018871.94,1101.5101418487222,19000.0,False,False
1982,Other,30547,44038045.74,24505.954831652278,18000.0,False,False
1983,Tech,376,608111.03,321.93448232819276,28000.0,False,False
1983,Finance,1265,1914342.0599999998,1058.6046313317158,24000.0,False,False
1983,Healthcare,1349,2039496.42,1093.4219216444399,20000.0,False,False
1983,Other,31474,46504535.06,25006.925565507496,18700.0,False,False
1984,Tech,364,576212.63,314.75042700780193,28000.0,False,False
1984,Finance,1307,2012769.2400000002,1048.1092499458755,25000.0,False,False
1984,Healthcare,1401,2104207.04,1150.2324839526073,21549.0,False,False
1984,Other,33493,49581443.42,26760.337559812808,20000.0,False,False
1985,Tech,399,648978.96,330.2835451379309,31000.0,False,False
1985,Finance,1374,2144275.6799999997,1133.8108112505993,26168.0,False,False
1985,Healthcare,1438,2214001.2800000003,1166.743414359789,22500.0,False,False
1985,Other,33352,51164908.06,26988.67529462938,20592.0,False,False
1986,Tech,391,656816.97,334.0232280514269,31000.0,False,False
1986,Finance,1393,2237794.43,1135.977443195841,29487.0,False,False
1986,Healthcare,1542,2449017.63,1267.5299030091492,23832.0,False,False
1986,Other,33508,52577153.45,27060.053522402373,21300.0,False,False
1987,Tech,460,782421.79,376.69393823096743,34000.0,False,False
1987,Finance,1526,2449137.25,1241.28531000749,28000.0,False,False
1987,Healthcare,1565,2499109.18,1293.3326595297297,25000.0,False,False
1987,Other,34371,54188451.839999996,27587.32875296935,22000.0,False,False
1988,Tech,476,917385.1900000001,345.66704913469476,36000.0,False,False
1988,Finance,1393,2458941.7199999997,1022.3907841064674,30000.0,False,False
1988,Healthcare,1513,2662641.08,1156.722423431327,26000.0,False,False
1988,Other,32572,56290957.510000005,24219.169229042473,23000.0,False,False
1989,Tech,541,922805.5700000001,427.87119192837173,36000.0,False,False
1989,Finance,1553,2617873.6,1212.705798179565,31927.0,False,False
1989,Healthcare,1602,2551125.1100000003,1243.1119389579894,28400.0,False,False
1989,Other,35716,56942115.150000006,27785.04921387126,24000.0,False,False
1990,Tech,532,930894.6200000001,414.9932817684137,37000.0,False,False
1990,Finance,1580,2619177.94,1249.979542039196,31200.0,False,False
1990,Healthcare,1629,2638625.63,1257.9634988970454,30000.0,False,False
1990,Other,35448,57077974.42999999,27255.006206628397,24400.0,False,False
1991,Tech,501,895905.0199999999,385.6032038693781,39000.0,False,False
1991,Finance,1477,2489344.0300000003,1128.46189321978,34500.0,False,False
1991,Healthcare,1855,3059575.38,1443.5280107239382,31445.0,False,False
1991,Other,34670,57022665.12,26242.400440041278,25000.0,False,False
1992,Tech,558,1016632.04,430.92700789179014,40000.0,False,False
1992,Finance,1513,2602548.8499999996,1186.6642035043412,35000.0,False,False
1992,Healthcare,1851,3133987.42,1429.0349628109207,33000.0,False,False
1992,Other,34738,58173651.66,26191.04326044047,26000.0,False,False
1993,Tech,592,1110972.58,467.0101552104078,43349.0,False,False
1993,Finance,1466,2637861.93,1125.0189012944113,35000.0,False,False
1993,Healthcare,2015,3524955.21,1578.5589642890247,34800.0,False,False
1993,Other,33610,58906948.0,25388.019047969352,26000.0,False,False
1994,Tech,638,1150644.77,499.6474272113698,45608.0,False,False
1994,Finance,1477,2651960.58,1156.1155863886672,36070.0,False,False
1994,Healthcare,2085,3644940.99,1575.6306812763605,36000.0,False,False
1994,Other,34278,61089594.88,25639.797958657466,27000.0,False,False
1995,Tech,554,1255885.8199999998,468.1564007917163,45000.0,False,False
1995,Finance,1343,2855351.66,1094.7493813812507,36000.0,False,False
1995,Healthcare,1846,3819233.99,1492.12283498695,36000.0,False,False
1995,Other,30418,62877721.59,24132.00181932883,27000.0,False,False
1996,Tech,641,1450916.25,541.8289501028811,47020.0,False,False
1996,Finance,1406,2953378.35,1166.243232473084,36000.0,False,False
1996,Healthcare,1960,4071800.08,1596.1773451071456,35000.0,False,False
1996,Other,30859,63902647.44,24550.61992358268,28000.0,False,False
1997,Tech,652,1440692.75,538.5071783629589,49200.0,False,False
1997,Finance,1397,2951909.5700000003,1158.354085840023,37335.0,False,False
1997,Healthcare,1967,4118203.2800000003,1621.7637342661017,36000.0,False,False
1997,Other,31618,65899011.32,25190.098001548464,30000.0,False,False
1998,Tech,763,1675770.54,620.523506732007,55000.0,False,False
1998,Finance,1459,3112039.49,1197.3590331139858,40000.0,False,False
1998,Healthcare,1992,4170167.3,1609.019570553507,38000.0,False,False
1998,Other,32771,68319181.92,25856.58375739441,30000.0,False,False
1999,Tech,794,1832957.19,648.2322433056518,57000.0,False,False
1999,Finance,1462,3154644.72,1197.3120732793923,45000.0,False,False
1999,Healthcare,1934,4041946.35,1546.358295406738,40000.0,False,False
1999,Other,33764,69729411.39,26554.782565923426,31000.0,False,False
2000,Tech,1395,1996757.1600000001,1008.7410977268111,60000.0,False,False
2000,Finance,2436,3346348.02,1732.2726028046898,46002.0,False,False
2000,Healthcare,3465,4502316.6,2447.7743179458685,40000.0,False,False
2000,Other,54248,71900597.43,38273.90593407353,32000.0,False,False
2001,Tech,1336,1942671.72,972.2388823155812,63000.0,False,False
2001,Finance,2472,3370448.0,1756.6072363341632,47000.0,False,False
2001,Healthcare,3566,4674346.74,2534.4079065418855,43000.0,False,False
2001,Other,53193,71036645.57000001,37513.607759505656,33813.0,False,False
2002,Tech,1815,2677609.44,1309.1179997390389,60000.0,False,False
2002,Finance,2447,3343950.48,1736.7764235332997,49000.0,False,False
2002,Healthcare,3140,4344967.76,2245.6477026429716,46000.0,False,False
2002,Other,51792,70248840.28999999,36433.37960361706,34500.0,False,False
2003,Tech,1813,2682197.45,1262.146653504501,63000.0,False,False
2003,Finance,2429,3445405.69,1705.9591986392234,50000.0,False,False
2003,Healthcare,3209,4497900.239999999,2262.2441806650536,48000.0,False,False
2003,Other,50612,70147226.2,34909.7724322077,35000.0,False,False
2004,Tech,1827,2705515.98,1314.619938776456,65000.0,False,False
2004,Finance,2393,3443352.4899999998,1690.2595526309067,50000.0,False,False
2004,Healthcare,3224,4525289.09,2249.584407635668,50000.0,False,False
2004,Other,50098,71331686.56,34718.19937755852,35000.0,False,False
2005,Tech,1932,2935405.27,1426.037206046958,65500.0,False,False
2005,Finance,2373,3562281.48,1727.3555224294637,54000.0,False,False
2005,Healthcare,3177,4616382.53,2309.0442499600904,50000.0,False,False
2005,Other,50386,72846573.16,35960.002946266606,36000.0,False,False
2006,Tech,1929,3032719.38,1414.9525747432015,70000.0,False,False
2006,Finance,2423,3694155.67,1772.514181792959,55000.0,False,False
2006,Healthcare,3312,4804468.1,2375.7001802958857,52000.0,False,False
2006,Other,50654,74753674.47999999,36070.38844565225,37000.0,False,False
2007,Tech,2161,3322070.3400000003,1612.9048719274112,72000.0,False,False
2007,Finance,2450,3728376.52,1789.8616814340007,55000.0,False,False
2007,Healthcare,3437,5121720.09,2518.620459313999,53779.0,False,False
2007,Other,50504,74827861.77000001,36100.50639578472,39000.0,False,False
2008,Tech,2199,3249104.92,1613.461369711923,74000.0,False,False
2008,Finance,2475,3609973.74,1752.2751317186878,58000.0,False,False
2008,Healthcare,3515,5205801.21,2574.750189720864,55000.0,False,False
2008,Other,48757,71880283.69999999,34836.21607002449,40000.0,False,False
2009,Tech,2166,3299355.34,1603.324753321062,75000.0,False,False
2009,Finance,2397,3594911.4699999997,1708.8655444595952,58000.0,False,False
2009,Healthcare,3633,5394955.46,2649.9572328647723,55000.0,False,False
2009,Other,46723,68086186.94999999,33588.6582739849,40000.0,False,False
2010,Tech,2177,3296222.45,1583.7416063041237,75000.0,False,False
2010,Finance,2341,3601964.7600000002,1675.2104391367018,60000.0,False,False
2010,Healthcare,3521,5367920.6899999995,2550.5607377568163,58000.0,False,False
2010,Other,45958,68824668.17,32879.30660071029,40000.0,False,False
2011,Tech,2166,3396282.98,1584.3474424363737,76000.0,False,False
2011,Finance,2336,3608316.2800000003,1671.8219547742196,60000.0,False,False
2011,Healthcare,3556,5541690.74,2585.552314781426,60000.0,False,False
2011,Other,45710,70015327.0,32554.998776997458,40000.0,False,False
2012,Tech,2329,3664111.2199999997,1755.9642203191713,80000.0,False,False
2012,Finance,2355,3740433.01,1709.6397116588353,60000.0,False,False
2012,Healthcare,3631,5641527.37,2674.754807268985,60000.0,False,False
2012,Other,45824,70574838.46,33031.3953149787,41000.0,False,False
2013,Tech,1521,3561541.08,1067.6027392374879,80000.0,False,False
2013,Finance,1580,3604424.5599999996,1090.6081108677583,62000.0,False,False
2013,Healthcare,2519,5720200.12,1753.5213183664687,60000.0,False,False
2013,Other,32143,72490099.10999998,21953.234809902042,42000.0,False,False
2014,Tech,2282,3876086.2800000003,1744.4716808028422,83200.0,False,False
2014,Finance,2311,3861032.0300000003,1709.3331967337904,63000.0,False,False
2014,Healthcare,3789,6135006.5600000005,2789.496013079098,58002.0,False,False
2014,Other,46097,73566257.82,33307.43637392765,42000.0,False,False
2015,Tech,2215,4200497.790000001,1701.7427714110368,85000.0,False,False
2015,Finance,2231,4027897.77,1648.3045119067897,65000.0,False,False
2015,Healthcare,3562,6219142.13,2611.754117537651,60000.0,False,False
2015,Other,43157,74998154.39000002,31162.25452065327,44900.0,False,False
2016,Tech,2257,4200541.28,1714.410390745051,83000.0,False,False
2016,Finance,2182,3895294.64,1592.8309959261596,67000.0,False,False
2016,Healthcare,3721,6541349.16,2715.968180492799,62000.0,False,False
2016,Other,44042,76846535.66,31747.22640554636,45000.0,False,False
2017,Tech,2240,4350245.37,1691.2907850031872,90000.0,False,False
2017,Finance,2129,4038918.84,1548.376318963118,70000.0,False,False
2017,Healthcare,3484,6463667.6,2556.107961062914,62840.0,False,False
2017,Other,42891,78080224.5,30953.191482055263,45550.0,False,False
2018,Tech,2294,4460323.73,1763.0770752118187,90000.0,False,False
2018,Finance,2177,4185547.4,1626.8993683368485,70000.0,False,False
2018,Healthcare,3642,6693836.869999999,2673.7135461919397,65000.0,False,False
2018,Other,43536,79385450.96000001,31532.305743377623,49000.0,False,False
2019,Tech,2283,5131455.7583,1715.5084156106477,92000.0,False,False
2019,Finance,1949,4365327.7742,1409.3214844761915,74000.0,False,False
2019,Healthcare,3505,7303350.4915000005,2529.1915545439533,67000.0,False,False
2019,Other,37124,78586559.9832,26470.14482532985,50000.0,False,False
2020,Tech,2279,5038967.8113,1766.910258507877,100000.0,False,False
2020,Finance,1877,4067600.4398,1402.6459749667686,75000.0,False,False
2020,Healthcare,3405,6760030.6577,2457.7397981259537,72000.0,False,False
2020,Other,34784,70542231.7245,25066.98132152184,52600.0,False,False
2021,Tech,2239,5277768.01,1714.83995703597,100000.0,False,False
2021,Finance,1746,3954446.1900000004,1263.3158359183071,85000.0,False,False
2021,Healthcare,3454,7443422.040000001,2465.3677966202727,74000.0,False,False
2021,Other,35405,77615083.15,25397.96026528444,53977.0,False,False
2022,Tech,2257,5667561.8100000005,1731.4944629105214,109000.0,False,False
2022,Finance,1739,4181662.4699999997,1280.4963660207616,80000.0,False,False
2022,Healthcare,3278,7419568.52,2377.151856863152,78000.0,False,False
2022,Other,34805,79969457.2,25146.693718771825,56000.0,False,False
2023,Tech,2206,5406057.609999999,1682.768444420135,110000.0,False,False
2023,Finance,1821,4459606.640000001,1352.7260520809482,90000.0,False,False
2023,Healthcare,3253,7426719.63,2385.51418114241,80000.0,False,False
2023,Other,34275,79941202.71,24808.71920491426,60000.0,False,False
2024,Tech,2149,5526093.99,1628.8778288816172,116000.0,False,False
2024,Finance,1722,4280034.279999999,1268.3292057800397,98000.0,False,False
2024,Healthcare,3125,7520137.82,2282.9394026703244,81120.0,False,False
2024,Other,33970,81180526.59,24400.53911488262,60000.0,False,False
