income_year,group,QINCWAGE,n,weighted_n
1975,Finance,0.0,667,1084481.81
1975,Finance,1.0,77,128705.37
1975,Finance,2.0,9,14638.92
1975,Finance,3.0,77,127493.4
1975,Healthcare,0.0,788,1287808.65
1975,Healthcare,1.0,76,127161.36
1975,Healthcare,2.0,15,24586.36
1975,Healthcare,3.0,84,137075.67
1975,Other,0.0,19585,30923866.63
1975,Other,1.0,2055,3317188.16
1975,Other,2.0,242,378161.32
1975,Other,3.0,2274,3750321.72
1975,Tech,0.0,151,246143.36
1975,Tech,1.0,14,20133.85
1975,Tech,2.0,3,4997.15
1975,Tech,3.0,12,19372.83
1976,Finance,0.0,815,1126015.76
1976,Finance,1.0,89,122362.8
1976,Finance,2.0,8,13045.48
1976,Finance,3.0,58,84163.91
1976,Healthcare,0.0,969,1365893.58
1976,Healthcare,1.0,90,127872.17
1976,Healthcare,2.0,4,4722.79
1976,Healthcare,3.0,85,129138.26
1976,Other,0.0,24225,33024321.73
1976,Other,1.0,2149,3087047.7
1976,Other,2.0,191,278938.26
1976,Other,3.0,2079,2976191.3
1976,Tech,0.0,163,238501.31
1976,Tech,1.0,9,9616.32
1976,Tech,2.0,1,1699.15
1976,Tech,3.0,15,22211.14
1977,Finance,0.0,895,1318201.83
1977,Finance,1.0,85,126348.45
1977,Finance,2.0,7,11705.22
1977,Finance,3.0,63,99622.57
1977,Healthcare,0.0,937,1355969.35
1977,Healthcare,1.0,82,118528.4
1977,Healthcare,2.0,16,23836.13
1977,Healthcare,3.0,106,157422.27
1977,Other,0.0,23821,33597643.26
1977,Other,1.0,2209,3288597.91
1977,Other,2.0,359,526442.38
1977,Other,3.0,2337,3459372.91
1977,Tech,0.0,177,275126.34
1977,Tech,1.0,18,27392.61
1977,Tech,2.0,3,5010.51
1977,Tech,3.0,9,15418.68
1978,Finance,0.0,862,1267342.02
1978,Finance,1.0,148,228024.93
1978,Finance,2.0,13,18537.350000000002
1978,Finance,3.0,69,100635.29
1978,Healthcare,0.0,975,1425809.41
1978,Healthcare,1.0,135,191613.41
1978,Healthcare,2.0,16,23884.14
1978,Healthcare,3.0,72,101046.88
1978,Other,0.0,24113,34648521.17
1978,Other,1.0,3361,5061324.69
1978,Other,2.0,295,421183.49
1978,Other,3.0,1659,2487270.07
1978,Tech,0.0,195,306912.16000000003
1978,Tech,1.0,21,36822.54
1978,Tech,2.0,2,2284.38
1978,Tech,3.0,3,5009.92
1979,Finance,0.0,1040,1318834.8
1979,Finance,1.0,197,254310.92
1979,Finance,3.0,5,5723.69
1979,Healthcare,0.0,1363,1686070.86
1979,Healthcare,1.0,221,284877.47
1979,Healthcare,3.0,15,14030.79
1979,Other,0.0,29403,36201579.01
1979,Other,1.0,5222,6790560.9
1979,Other,3.0,237,291198.87
1979,Tech,0.0,254,353185.35
1979,Tech,1.0,40,61079.35
1979,Tech,3.0,4,4300.53
1980,Finance,0.0,1101,1445869.92
1980,Finance,1.0,243,319563.0
1980,Finance,3.0,9,10458.65
1980,Healthcare,0.0,1377,1742277.27
1980,Healthcare,1.0,252,350442.27
1980,Healthcare,3.0,24,29780.64
1980,Other,0.0,28896,36527469.56
1980,Other,1.0,5612,7462968.72
1980,Other,3.0,274,350162.0
1980,Tech,0.0,290,406876.97000000003
1980,Tech,1.0,24,39729.43
1981,Finance,0.0,1086,1590760.77
1981,Finance,1.0,225,330562.73
1981,Finance,3.0,12,17743.15
1981,Healthcare,0.0,1303,1915749.69
1981,Healthcare,1.0,230,345719.18
1981,Healthcare,3.0,17,23263.489999999998
1981,Other,0.0,26034,37130683.4
1981,Other,1.0,4920,7291414.22
1981,Other,3.0,231,321441.7
1981,Tech,0.0,277,421627.52
1981,Tech,1.0,32,54678.43
1981,Tech,3.0,4,6466.4800000000005
1982,Finance,0.0,1042,1507027.49
1982,Finance,1.0,208,329983.93
1982,Finance,3.0,9,12204.39
1982,Healthcare,0.0,1115,1657598.56
1982,Healthcare,1.0,227,343932.94
1982,Healthcare,3.0,10,17340.44
1982,Other,0.0,25592,36688600.91
1982,Other,1.0,4788,7113327.78
1982,Other,2.0,1,183.26
1982,Other,3.0,166,235933.79
1982,Tech,0.0,259,397034.34
1982,Tech,1.0,40,58161.42
1982,Tech,3.0,1,2481.65
1983,Finance,0.0,1072,1604031.49
1983,Finance,1.0,188,302974.07
1983,Finance,3.0,5,7336.5
1983,Healthcare,0.0,1134,1707188.5
1983,Healthcare,1.0,208,320404.77
1983,Healthcare,3.0,7,11903.15
1983,Other,0.0,26261,38542808.52
1983,Other,1.0,5056,7703353.36
1983,Other,2.0,1,1789.91
1983,Other,3.0,156,256583.27
1983,Tech,0.0,323,521801.39999999997
1983,Tech,1.0,52,84722.72
1983,Tech,3.0,1,1586.91
1984,Finance,0.0,1072,1627934.99
1984,Finance,1.0,228,371860.61
1984,Finance,3.0,7,12973.64
1984,Healthcare,0.0,1187,1777826.43
1984,Healthcare,1.0,205,313496.64
1984,Healthcare,3.0,9,12883.97
1984,Other,0.0,27366,40192046.73
1984,Other,1.0,5943,9115768.97
1984,Other,3.0,184,273627.72
1984,Tech,0.0,303,481976.87
1984,Tech,1.0,61,94235.76
1985,Finance,0.0,1142,1788026.04
1985,Finance,1.0,229,354042.73
1985,Finance,3.0,3,2206.91
1985,Healthcare,0.0,1226,1887796.13
1985,Healthcare,1.0,203,308909.13
1985,Healthcare,3.0,9,17296.02
1985,Other,0.0,28011,42801895.94
1985,Other,1.0,5179,8089939.01
1985,Other,3.0,162,273073.11
1985,Tech,0.0,340,550426.0
1985,Tech,1.0,56,94246.39
1985,Tech,3.0,3,4306.57
1986,Finance,0.0,1150,1846359.74
1986,Finance,1.0,237,380121.82
1986,Finance,3.0,6,11312.869999999999
1986,Healthcare,0.0,1307,2071702.1
1986,Healthcare,1.0,232,370857.06
1986,Healthcare,3.0,3,6458.47
1986,Other,0.0,28015,43752507.75
1986,Other,1.0,5334,8554969.91
1986,Other,3.0,159,269675.79
1986,Tech,0.0,332,555511.47
1986,Tech,1.0,57,99674.51
1986,Tech,3.0,2,1630.99
1987,Finance,,1526,2449137.25
1987,Healthcare,,1565,2499109.18
1987,Other,,34371,54188451.84
1987,Tech,,460,782421.79
1988,Finance,,1393,2458941.72
1988,Healthcare,,1513,2662641.08
1988,Other,,32572,56290957.51
1988,Tech,,476,917385.1900000001
1989,Finance,,1553,2617873.6
1989,Healthcare,,1602,2551125.11
1989,Other,,35716,56942115.15
1989,Tech,,541,922805.57
1990,Finance,,1580,2619177.94
1990,Healthcare,,1629,2638625.63
1990,Other,,35448,57077974.43
1990,Tech,,532,930894.62
1991,Finance,,1477,2489344.03
1991,Healthcare,,1855,3059575.38
1991,Other,,34670,57022665.12
1991,Tech,,501,895905.02
1992,Finance,,1513,2602548.85
1992,Healthcare,,1851,3133987.42
1992,Other,,34738,58173651.66
1992,Tech,,558,1016632.04
1993,Finance,,1466,2637861.93
1993,Healthcare,,2015,3524955.21
1993,Other,,33610,58906948.0
1993,Tech,,592,1110972.58
1994,Finance,,1477,2651960.58
1994,Healthcare,,2085,3644940.99
1994,Other,,34278,61089594.88
1994,Tech,,638,1150644.77
1995,Finance,,1343,2855351.66
1995,Healthcare,,1846,3819233.99
1995,Other,,30418,62877721.59
1995,Tech,,554,1255885.82
1996,Finance,,1406,2953378.35
1996,Healthcare,,1960,4071800.08
1996,Other,,30859,63902647.44
1996,Tech,,641,1450916.25
1997,Finance,,1397,2951909.57
1997,Healthcare,,1967,4118203.28
1997,Other,,31618,65899011.32
1997,Tech,,652,1440692.75
1998,Finance,,1459,3112039.49
1998,Healthcare,,1992,4170167.3
1998,Other,,32771,68319181.92
1998,Tech,,763,1675770.54
1999,Finance,,1462,3154644.72
1999,Healthcare,,1934,4041946.35
1999,Other,,33764,69729411.39
1999,Tech,,794,1832957.19
2000,Finance,,2436,3346348.02
2000,Healthcare,,3465,4502316.6
2000,Other,,54248,71900597.43
2000,Tech,,1395,1996757.16
2001,Finance,,2472,3370448.0
2001,Healthcare,,3566,4674346.74
2001,Other,,53193,71036645.57
2001,Tech,,1336,1942671.72
2002,Finance,,2447,3343950.48
2002,Healthcare,,3140,4344967.76
2002,Other,,51792,70248840.29
2002,Tech,,1815,2677609.44
2003,Finance,,2429,3445405.69
2003,Healthcare,,3209,4497900.24
2003,Other,,50612,70147226.2
2003,Tech,,1813,2682197.45
2004,Finance,,2393,3443352.49
2004,Healthcare,,3224,4525289.09
2004,Other,,50098,71331686.56
2004,Tech,,1827,2705515.98
2005,Finance,,2373,3562281.48
2005,Healthcare,,3177,4616382.53
2005,Other,,50386,72846573.16
2005,Tech,,1932,2935405.27
2006,Finance,,2423,3694155.67
2006,Healthcare,,3312,4804468.1
2006,Other,,50654,74753674.48
2006,Tech,,1929,3032719.38
2007,Finance,,2450,3728376.52
2007,Healthcare,,3437,5121720.09
2007,Other,,50504,74827861.77
2007,Tech,,2161,3322070.34
2008,Finance,,2475,3609973.74
2008,Healthcare,,3515,5205801.21
2008,Other,,48757,71880283.7
2008,Tech,,2199,3249104.92
2009,Finance,,2397,3594911.47
2009,Healthcare,,3633,5394955.46
2009,Other,,46723,68086186.95
2009,Tech,,2166,3299355.34
2010,Finance,,2341,3601964.76
2010,Healthcare,,3521,5367920.69
2010,Other,,45958,68824668.17
2010,Tech,,2177,3296222.45
2011,Finance,,2336,3608316.28
2011,Healthcare,,3556,5541690.74
2011,Other,,45710,70015327.0
2011,Tech,,2166,3396282.98
2012,Finance,,2355,3740433.01
2012,Healthcare,,3631,5641527.37
2012,Other,,45824,70574838.46
2012,Tech,,2329,3664111.22
2013,Finance,,1580,3604424.56
2013,Healthcare,,2519,5720200.12
2013,Other,,32143,72490099.11
2013,Tech,,1521,3561541.08
2014,Finance,,2311,3861032.03
2014,Healthcare,,3789,6135006.56
2014,Other,,46097,73566257.82
2014,Tech,,2282,3876086.28
2015,Finance,,2231,4027897.77
2015,Healthcare,,3562,6219142.13
2015,Other,,43157,74998154.39
2015,Tech,,2215,4200497.79
2016,Finance,,2182,3895294.64
2016,Healthcare,,3721,6541349.16
2016,Other,,44042,76846535.66
2016,Tech,,2257,4200541.28
2017,Finance,,2129,4038918.84
2017,Healthcare,,3484,6463667.6
2017,Other,,42891,78080224.5
2017,Tech,,2240,4350245.37
2018,Finance,,2177,4185547.4
2018,Healthcare,,3642,6693836.87
2018,Other,,43536,79385450.96
2018,Tech,,2294,4460323.73
2019,Finance,,1949,4365327.7742
2019,Healthcare,,3505,7303350.4915
2019,Other,,37124,78586559.9832
2019,Tech,,2283,5131455.7583
2020,Finance,,1877,4067600.4398
2020,Healthcare,,3405,6760030.6577
2020,Other,,34784,70542231.7245
2020,Tech,,2279,5038967.8113
2021,Finance,,1746,3954446.19
2021,Healthcare,,3454,7443422.04
2021,Other,,35405,77615083.15
2021,Tech,,2239,5277768.01
2022,Finance,,1739,4181662.47
2022,Healthcare,,3278,7419568.52
2022,Other,,34805,79969457.2
2022,Tech,,2257,5667561.81
2023,Finance,,1821,4459606.64
2023,Healthcare,,3253,7426719.63
2023,Other,,34275,79941202.71
2023,Tech,,2206,5406057.61
2024,Finance,,1722,4280034.28
2024,Healthcare,,3125,7520137.82
2024,Other,,33970,81180526.59
2024,Tech,,2149,5526093.99
