group,age_group,n_unweighted,weighted_population,weight_effective_n,weighted_median,small_cell,suppress_plot
Tech,25-29,752,724992.22,564.5362581751044,96440.67796610168,False,False
Tech,30-34,1092,964098.81,838.5845065150031,108163.84180790962,False,False
Tech,35-39,1081,860585.95,827.9694252587094,115000.0,False,False
Tech,40-44,1050,771210.4233333333,793.272138376447,120015.06591337099,False,False
Tech,45-49,883,693359.8600000001,688.5269560612537,117871.9397363465,False,False
Tech,50-54,753,640727.7466666667,585.1937701583596,123229.7551789077,False,False
Tech,55-59,589,496773.9066666667,456.633409777503,126750.51035781545,False,False
Tech,60-64,412,381488.8866666666,323.3106962035201,123229.7551789077,False,False
Finance,25-29,542,552848.3700000001,398.3834646520628,77259.88700564971,False,False
Finance,30-34,729,640524.1366666666,534.2154034859303,85725.04708097926,False,False
Finance,35-39,815,613333.01,602.6529189051504,99655.3672316384,False,False
Finance,40-44,844,607778.1666666666,638.4336046832725,92711.86440677967,False,False
Finance,45-49,727,546074.0666666668,545.4584140348375,100000.0,False,False
Finance,50-54,648,508908.0,495.583789506239,103000.0,False,False
Finance,55-59,519,443824.41666666674,395.8233878216449,99200.0,False,False
Finance,60-64,458,393810.9633333334,344.0408309206408,94800.0,False,False
Healthcare,25-29,1088,998496.3033333333,796.5726997897218,65000.0,False,False
Healthcare,30-34,1490,1191470.2633333334,1063.5107786342223,78000.0,False,False
Healthcare,35-39,1585,1139355.0899999999,1157.0086209133756,85725.04708097926,False,False
Healthcare,40-44,1508,1047669.7066666667,1127.807987235046,92711.86440677967,False,False
Healthcare,45-49,1250,893217.06,936.2224430676283,92154.42561205271,False,False
Healthcare,50-54,1168,890616.5566666666,852.4944915808132,92711.86440677967,False,False
Healthcare,55-59,863,715171.1033333334,643.6105102941185,85725.04708097926,False,False
Healthcare,60-64,704,579479.24,528.3031810521827,85000.0,False,False
Other,25-29,11989,10515348.343333334,8565.001848430815,50363.46516007532,False,False
Other,30-34,14330,11650134.936666667,10241.094935147255,58500.0,False,False
Other,35-39,15101,11186082.57,10918.938614790904,62150.659133709974,False,False
Other,40-44,15203,10897465.07,11034.915771155465,63868.173258003764,False,False
Other,45-49,13914,10072899.973333333,10143.704177393134,64293.78531073446,False,False
Other,50-54,12807,9939855.01,9355.361543290692,65928.43691148776,False,False
Other,55-59,10991,8972852.16,8046.691197343293,64293.78531073446,False,False
Other,60-64,8715,7129090.77,6405.141328948914,61807.90960451977,False,False
