YEAR,QINCLONG,n
1976,,26129
1977,,30950
1978,,31124
1979,,31939
1980,,38001
1981,,38102
1982,,34371
1983,,33458
1984,,34464
1985,,36565
1986,,36563
1987,,36834
1988,0.0,34767
1988,1.0,2674
1988,2.0,206
1988,3.0,275
1989,0.0,33285
1989,1.0,2257
1989,2.0,171
1989,3.0,241
1990,0.0,36218
1990,1.0,2713
1990,2.0,200
1990,3.0,281
1991,0.0,35931
1991,1.0,2742
1991,2.0,226
1991,3.0,290
1992,0.0,35321
1992,1.0,2730
1992,2.0,179
1992,3.0,273
1993,0.0,35288
1993,1.0,2838
1993,2.0,232
1993,3.0,302
1994,0.0,33403
1994,1.0,3891
1994,2.0,103
1994,3.0,286
1995,0.0,34146
1995,1.0,3886
1995,2.0,86
1995,3.0,360
1996,0.0,29851
1996,1.0,3868
1996,2.0,78
1996,3.0,364
1997,0.0,30393
1997,1.0,3991
1997,2.0,76
1997,3.0,406
1998,0.0,30507
1998,1.0,5058
1998,2.0,63
1998,3.0,6
1999,0.0,30983
1999,1.0,5919
1999,2.0,68
1999,3.0,15
2000,0.0,31972
2000,1.0,5926
2000,2.0,52
2000,3.0,4
2001,0.0,50707
2001,1.0,10749
2001,2.0,78
2001,3.0,10
2002,0.0,49359
2002,1.0,11112
2002,2.0,80
2002,3.0,16
2003,0.0,47579
2003,1.0,11532
2003,2.0,71
2003,3.0,12
2004,0.0,46868
2004,1.0,11127
2004,2.0,64
2004,3.0,4
2005,0.0,46514
2005,1.0,10961
2005,2.0,58
2005,3.0,9
2006,0.0,47992
2006,1.0,9787
2006,2.0,86
2006,3.0,3
2007,0.0,47753
2007,1.0,10485
2007,2.0,73
2007,3.0,7
2008,0.0,47848
2008,1.0,10625
2008,2.0,75
2008,3.0,4
2009,0.0,47199
2009,1.0,9651
2009,2.0,89
2009,3.0,7
2010,0.0,44995
2010,1.0,9878
2010,2.0,41
2010,3.0,5
2011,0.0,43962
2011,1.0,9983
2011,2.0,51
2011,3.0,1
2012,0.0,44092
2012,1.0,9618
2012,2.0,50
2012,3.0,8
2013,0.0,44448
2013,1.0,9633
2013,2.0,54
2013,3.0,4
2014,0.0,29850
2014,1.0,7878
2014,2.0,33
2014,3.0,2
2015,0.0,42168
2015,1.0,12257
2015,2.0,41
2015,3.0,13
2016,0.0,39782
2016,1.0,11348
2016,2.0,31
2016,3.0,4
2017,0.0,40710
2017,1.0,11443
2017,2.0,43
2017,3.0,6
2018,0.0,40426
2018,1.0,10272
2018,2.0,38
2018,3.0,8
2019,0.0,40943
2019,1.0,10706
2020,0.0,35772
2020,1.0,9089
2021,0.0,33674
2021,1.0,8671
2022,0.0,34050
2022,1.0,8794
2023,0.0,33601
2023,1.0,8478
2024,0.0,33308
2024,1.0,8247
2025,0.0,32840
2025,1.0,8126
