YEAR,QOINCWAGE,n
1976,,26129
1977,,30950
1978,,31124
1979,,31939
1980,,38001
1981,,38102
1982,,34371
1983,,33458
1984,,34464
1985,,36565
1986,,36563
1987,,36834
1988,0.0,37639
1988,1.0,283
1989,0.0,35692
1989,1.0,262
1990,0.0,39119
1990,1.0,293
1991,0.0,38939
1991,1.0,250
1992,0.0,38255
1992,1.0,248
1993,0.0,38444
1993,1.0,216
1994,0.0,37294
1994,1.0,389
1995,0.0,37998
1995,1.0,480
1996,0.0,33679
1996,1.0,482
1997,0.0,34452
1997,1.0,414
1998,0.0,35117
1998,1.0,517
1999,0.0,36376
1999,1.0,609
2000,0.0,37387
2000,1.0,567
2001,0.0,60536
2001,1.0,1008
2002,0.0,59639
2002,1.0,928
2003,0.0,58373
2003,1.0,821
2004,0.0,57312
2004,1.0,751
2005,0.0,56827
2005,1.0,715
2006,0.0,57188
2006,1.0,680
2007,0.0,57657
2007,1.0,661
2008,0.0,57898
2008,1.0,654
2009,0.0,56345
2009,1.0,601
2010,0.0,54364
2010,1.0,555
2011,0.0,53442
2011,1.0,555
2012,0.0,53224
2012,1.0,544
2013,0.0,53593
2013,1.0,546
2014,0.0,37335
2014,1.0,428
2015,0.0,53829
2015,1.0,650
2016,0.0,50644
2016,1.0,521
2017,0.0,51567
2017,1.0,635
2018,0.0,50216
2018,1.0,528
2019,0.0,51114
2019,1.0,535
2020,0.0,44372
2020,1.0,489
2021,0.0,41944
2021,1.0,401
2022,0.0,42408
2022,1.0,436
2023,0.0,41645
2023,1.0,434
2024,0.0,41146
2024,1.0,409
2025,0.0,40582
2025,1.0,384
