income_year,group,n,median,QINCLONG_known_n,QINCLONG_nonzero_weight_share,QOINCWAGE_known_n,QOINCWAGE_nonzero_weight_share,TINCLONGJ_known_n,TINCLONGJ_nonzero_weight_share,TOINCWAGE_known_n,TOINCWAGE_nonzero_weight_share,direct_topcode,at_or_above_cap_weight_share,median_at_cap
1975,Finance,830,14000.0,0,,0,,0,,0,,50000.0,0.010215510069765838,False
1975,Healthcare,963,10880.0,0,,0,,0,,0,,50000.0,0.017933981602961717,False
1975,Other,24156,11000.0,0,,0,,0,,0,,50000.0,0.0037097011861505656,False
1975,Tech,180,16355.0,0,,0,,0,,0,,50000.0,0.0,False
1976,Finance,970,15210.0,0,,0,,0,,0,,50000.0,0.023544912095861143,False
1976,Healthcare,1148,11500.0,0,,0,,0,,0,,50000.0,0.028709216387933646,False
1976,Other,28644,12000.0,0,,0,,0,,0,,50000.0,0.00392682519314883,False
1976,Tech,188,17000.0,0,,0,,0,,0,,50000.0,0.0,False
1977,Finance,1050,16000.0,0,,0,,0,,0,,50000.0,0.022088993130419277,False
1977,Healthcare,1141,12500.0,0,,0,,0,,0,,50000.0,0.021724938180057492,False
1977,Other,28726,12500.0,0,,0,,0,,0,,50000.0,0.005776378055042449,False
1977,Tech,207,18900.0,0,,0,,0,,0,,50000.0,0.0,False
1978,Finance,1092,17500.0,0,,0,,0,,0,,50000.0,0.03244011501755742,False
1978,Healthcare,1198,13000.0,0,,0,,0,,0,,50000.0,0.018665255732440662,False
1978,Other,29428,13500.0,0,,0,,0,,0,,50000.0,0.00799531831718498,False
1978,Tech,221,20000.0,0,,0,,0,,0,,50000.0,0.0,False
1979,Finance,1242,18600.0,0,,0,,0,,0,,50000.0,0.04683485507518953,False
1979,Healthcare,1599,14480.0,0,,0,,0,,0,,50000.0,0.030759794591693236,False
1979,Other,34862,15000.0,0,,0,,0,,0,,50000.0,0.010654290380507471,False
1979,Tech,298,20600.0,0,,0,,0,,0,,50000.0,0.0,False
1980,Finance,1353,20000.0,0,,0,,0,,0,,50000.0,0.05151288037253311,False
1980,Healthcare,1653,15600.0,0,,0,,0,,0,,50000.0,0.0325419619045686,False
1980,Other,34782,16000.0,0,,0,,0,,0,,50000.0,0.014868185947797458,False
1980,Tech,314,24000.0,0,,0,,0,,0,,50000.0,0.006767525051141228,False
1981,Finance,1323,21600.0,0,,0,,0,,0,,75000.0,0.02516077515953359,False
1981,Healthcare,1550,18000.0,0,,0,,0,,0,,75000.0,0.01835166373710398,False
1981,Other,31185,17000.0,0,,0,,0,,0,,75000.0,0.0047880376308147635,False
1981,Tech,313,26000.0,0,,0,,0,,0,,75000.0,0.0036945978874560006,False
1982,Finance,1259,23000.0,0,,0,,0,,0,,75000.0,0.020386436129377457,False
1982,Healthcare,1352,19000.0,0,,0,,0,,0,,75000.0,0.025478054838881953,False
1982,Other,30547,18000.0,0,,0,,0,,0,,75000.0,0.006916098452646731,False
1982,Tech,300,27000.0,0,,0,,0,,0,,75000.0,0.008186005946852391,False
1983,Finance,1265,24000.0,0,,0,,0,,0,,75000.0,0.018604611340984695,False
1983,Healthcare,1349,20000.0,0,,0,,0,,0,,75000.0,0.01722630628594092,False
1983,Other,31474,18700.0,0,,0,,0,,0,,75000.0,0.0076973015543142604,False
1983,Tech,376,28000.0,0,,0,,0,,0,,75000.0,0.0,False
1984,Finance,1307,25000.0,0,,0,,0,,0,,99999.0,0.015027430566258057,False
1984,Healthcare,1401,21549.0,0,,0,,0,,0,,99999.0,0.00714950559237745,False
1984,Other,33493,20000.0,0,,0,,0,,0,,99999.0,0.0032963548199985023,False
1984,Tech,364,28000.0,0,,0,,0,,0,,99999.0,0.0,False
1985,Finance,1374,26168.0,0,,0,,0,,0,,99999.0,0.013252913450009379,False
1985,Healthcare,1438,22500.0,0,,0,,0,,0,,99999.0,0.01059345819348397,False
1985,Other,33352,20592.0,0,,0,,0,,0,,99999.0,0.005034537337542515,False
1985,Tech,399,31000.0,0,,0,,0,,0,,99999.0,0.0,False
1986,Finance,1393,29487.0,0,,0,,0,,0,,99999.0,0.026430671739584227,False
1986,Healthcare,1542,23832.0,0,,0,,0,,0,,99999.0,0.011898448440324212,False
1986,Other,33508,21300.0,0,,0,,0,,0,,99999.0,0.006129863236253236,False
1986,Tech,391,31000.0,0,,0,,0,,0,,99999.0,0.009531072255943691,False
1987,Finance,1526,28000.0,1526,0.11115949095952053,1526,0.006159634377371052,0,,0,,,,
1987,Healthcare,1565,25000.0,1565,0.07294243143070683,1565,0.006903756001568527,0,,0,,,,
1987,Other,34371,22000.0,34371,0.08525439818138196,34371,0.008206559975417818,0,,0,,,,
1987,Tech,460,34000.0,460,0.07883116343168306,460,0.008479428979093234,0,,0,,,,
1988,Finance,1393,30000.0,1393,0.08798886050865819,1393,0.010187061285860815,0,,0,,,,
1988,Healthcare,1513,26000.0,1513,0.06507768970499019,1513,0.008310770898194058,0,,0,,,,
1988,Other,32572,23000.0,32572,0.07975617485636902,32572,0.008080530694813544,0,,0,,,,
1988,Tech,476,36000.0,476,0.0526365048469989,476,0.004446692670065885,0,,0,,,,
1989,Finance,1553,31927.0,1553,0.07973096944023576,1553,0.004523109901104469,0,,0,,,,
1989,Healthcare,1602,28400.0,1602,0.08643973560355883,1602,0.012278010152155962,0,,0,,,,
1989,Other,35716,24000.0,35716,0.08279246788745254,35716,0.007882050724980839,0,,0,,,,
1989,Tech,541,36000.0,541,0.0659239952355294,541,0.010777719948092637,0,,0,,,,
1990,Finance,1580,31200.0,1580,0.09362830843023975,1580,0.008198179158457634,0,,0,,,,
1990,Healthcare,1629,30000.0,1629,0.07786112499786489,1629,0.011855243746722796,0,,0,,,,
1990,Other,35448,24400.0,35448,0.0857449290882273,35448,0.006652901470175736,0,,0,,,,
1990,Tech,532,37000.0,532,0.050902807881734236,532,0.005829574995287865,0,,0,,,,
1991,Finance,1477,34500.0,1477,0.08433522143582539,1477,0.0033272178936231637,0,,0,,,,
1991,Healthcare,1855,31445.0,1855,0.08453357341370685,1855,0.011209215574221285,0,,0,,,,
1991,Other,34670,25000.0,34670,0.08307801450582217,34670,0.006195559770076212,0,,0,,,,
1991,Tech,501,39000.0,501,0.056132110968638176,501,0.009083273135359818,0,,0,,,,
1992,Finance,1513,35000.0,1513,0.10617244321850097,1513,0.005796375349496323,0,,0,,,,
1992,Healthcare,1851,33000.0,1851,0.08463252861429803,1851,0.005919698299235675,0,,0,,,,
1992,Other,34738,26000.0,34738,0.08723706188603392,34738,0.0060871514834521905,0,,0,,,,
1992,Tech,558,40000.0,558,0.07861220860204247,558,0.0017345705531767422,0,,0,,,,
1993,Finance,1466,35000.0,1466,0.10463391463403848,1466,0.007455348506432253,0,,0,,,,
1993,Healthcare,2015,34800.0,2015,0.09714840036222759,2015,0.011236888879504373,0,,0,,,,
1993,Other,33610,26000.0,33610,0.11743588039903205,33610,0.00982249309538155,0,,0,,,,
1993,Tech,592,43349.0,592,0.11718504339684063,592,0.013870504346740942,0,,0,,,,
1994,Finance,1477,36070.0,1477,0.11650512542686438,1477,0.014292259955085755,0,,0,,,,
1994,Healthcare,2085,36000.0,2085,0.11096994193039048,2085,0.022922014438428538,0,,0,,,,
1994,Other,34278,27000.0,34278,0.11454960527641332,34278,0.012151238544929764,0,,0,,,,
1994,Tech,638,45608.0,638,0.08400525733063559,638,0.008394623824692655,0,,0,,,,
1995,Finance,1343,36000.0,1343,0.1332362368283562,1343,0.011430900248552922,0,,0,,,,
1995,Healthcare,1846,36000.0,1846,0.12989653980326038,1846,0.017641893682455417,0,,0,,,,
1995,Other,30418,27000.0,30418,0.1320906505511947,30418,0.014582122838016784,0,,0,,,,
1995,Tech,554,45000.0,554,0.08745430376783778,554,0.019306922344262158,0,,0,,,,
1996,Finance,1406,36000.0,1406,0.12731234384514264,1406,0.008603804521015737,0,,0,,,,
1996,Healthcare,1960,35000.0,1960,0.13618238594857535,1960,0.014140193248387578,0,,0,,,,
1996,Other,30859,28000.0,30859,0.13451677143847612,30859,0.012879860271404116,0,,0,,,,
1996,Tech,641,47020.0,641,0.12207657058083125,641,0.01088508726813143,0,,0,,,,
1997,Finance,1397,37335.0,1397,0.15134438213837287,1397,0.007143840114316237,0,,0,,,,
1997,Healthcare,1967,36000.0,1967,0.1478499405206632,1967,0.016602475728201546,0,,0,,,,
1997,Other,31618,30000.0,31618,0.15095908224924792,31618,0.014701557285821811,0,,0,,,,
1997,Tech,652,49200.0,652,0.14617789948620202,652,0.00958608974744962,0,,0,,,,
1998,Finance,1459,40000.0,1459,0.1675943418057333,1459,0.018369831161750456,0,,0,,,,
1998,Healthcare,1992,38000.0,1992,0.16403799435097002,1992,0.01944840198617451,0,,0,,,,
1998,Other,32771,30000.0,32771,0.16834750412362665,32771,0.016210767442983456,0,,0,,,,
1998,Tech,763,55000.0,763,0.117242149393556,763,0.013516504473219823,0,,0,,,,
1999,Finance,1462,45000.0,1462,0.16135723518177983,1462,0.013237655491043696,0,,0,,,,
1999,Healthcare,1934,40000.0,1934,0.15849393201371909,1934,0.01855457829122348,0,,0,,,,
1999,Other,33764,31000.0,33764,0.1626452559102837,33764,0.015241372167274793,0,,0,,,,
1999,Tech,794,57000.0,794,0.16416706382542406,794,0.00932533508870439,0,,0,,,,
2000,Finance,2436,46002.0,2436,0.1959687474466568,2436,0.014514410847201722,0,,0,,,,
2000,Healthcare,3465,40000.0,3465,0.17017380785704853,3465,0.02176498427498413,0,,0,,,,
2000,Other,54248,32000.0,54248,0.18805250350198655,54248,0.016187188724448402,0,,0,,,,
2000,Tech,1395,60000.0,1395,0.16340595468304217,1395,0.017349145251093025,0,,0,,,,
2001,Finance,2472,47000.0,2472,0.20573813926219897,2472,0.01616026712175948,0,,0,,,,
2001,Healthcare,3566,43000.0,3566,0.19546717452116102,3566,0.014543234334387438,0,,0,,,,
2001,Other,53193,33813.0,53193,0.19906362704113814,53193,0.015269410756890837,0,,0,,,,
2001,Tech,1336,63000.0,1336,0.16829231961023244,1336,0.008923705339160442,0,,0,,,,
2002,Finance,2447,49000.0,2447,0.20956280130081353,2447,0.00880736726699374,0,,0,,,,
2002,Healthcare,3140,46000.0,3140,0.20177110589193417,3140,0.01869283605455337,0,,0,,,,
2002,Other,51792,34500.0,51792,0.2116630042377601,51792,0.013666597569962535,0,,0,,,,
2002,Tech,1815,60000.0,1815,0.17006711031015787,1815,0.014177904153191213,0,,0,,,,
2003,Finance,2429,50000.0,2429,0.20233309302975003,2429,0.009007026397521274,0,,0,,,,
2003,Healthcare,3209,48000.0,3209,0.17644461140827794,3209,0.014820806697126748,0,,0,,,,
2003,Other,50612,35000.0,50612,0.20535081428494173,50612,0.013336623280479762,0,,0,,,,
2003,Tech,1813,63000.0,1813,0.18817931916235323,1813,0.010544507079447115,0,,0,,,,
2004,Finance,2393,50000.0,2393,0.18283339618245129,2393,0.008853156941826772,0,,0,,,,
2004,Healthcare,3224,50000.0,3224,0.1953359227266517,3224,0.014713895328176704,0,,0,,,,
2004,Other,50098,35000.0,50098,0.20548820050218086,50098,0.012113696053901349,0,,0,,,,
2004,Tech,1827,65000.0,1827,0.17811563988618542,1827,0.01092112566269152,0,,0,,,,
2005,Finance,2373,54000.0,2373,0.1928361174872683,2373,0.009737554484324467,0,,0,,,,
2005,Healthcare,3177,50000.0,3177,0.16815372100457193,3177,0.014540157702225774,0,,0,,,,
2005,Other,50386,36000.0,50386,0.1873717532329286,50386,0.011550182026434803,0,,0,,,,
2005,Tech,1932,65500.0,1932,0.1563785705133656,1932,0.010337676473545337,0,,0,,,,
2006,Finance,2423,55000.0,2423,0.20886827977122036,2423,0.010583024510171766,0,,0,,,,
2006,Healthcare,3312,52000.0,3312,0.18751423284504687,3312,0.013338346444635567,0,,0,,,,
2006,Other,50654,37000.0,50654,0.19660806592098912,50654,0.01150134111775371,0,,0,,,,
2006,Tech,1929,70000.0,1929,0.16536524391518218,1929,0.007283938021327908,0,,0,,,,
2007,Finance,2450,55000.0,2450,0.19988041068341458,2450,0.008909663447832249,0,,0,,,,
2007,Healthcare,3437,53779.0,3437,0.17305771585030136,3437,0.012814534735731721,0,,0,,,,
2007,Other,50504,39000.0,50504,0.19773698486106023,50504,0.010624129050266724,0,,0,,,,
2007,Tech,2161,72000.0,2161,0.17522840892044445,2161,0.012227266686954013,0,,0,,,,
2008,Finance,2475,58000.0,2475,0.1757668713678787,2475,0.00596164170435212,0,,0,,,,
2008,Healthcare,3515,55000.0,3515,0.17080870823340563,3515,0.012927817887229695,0,,0,,,,
2008,Other,48757,40000.0,48757,0.1845479089281892,48757,0.010378025817391149,0,,0,,,,
2008,Tech,2199,74000.0,2199,0.15362215511341507,2199,0.005256863173258191,0,,0,,,,
2009,Finance,2397,58000.0,2397,0.1885425373215102,2397,0.007869053309399023,0,,0,,,,
2009,Healthcare,3633,55000.0,3633,0.19294661980397518,3633,0.01021282388863318,0,,0,,,,
2009,Other,46723,40000.0,46723,0.18983501792355845,46723,0.009268067258097498,0,,0,,,,
2009,Tech,2166,75000.0,2166,0.15588969268160127,2166,0.006988092407167032,0,,0,,,,
2010,Finance,2341,60000.0,2341,0.20329816052947725,2341,0.004941075547890702,2341,0.02067802573393305,2341,0.002282934605945451,,,
2010,Healthcare,3521,58000.0,3521,0.20002660285206264,3521,0.010744879317507205,3521,0.025769579691759567,3521,0.007548768385398779,,,
2010,Other,45958,40000.0,45958,0.19274400694869342,45958,0.010438988797234327,45958,0.007678765391132869,45958,0.0030519098106099886,,,
2010,Tech,2177,75000.0,2177,0.17611409387737165,2177,0.007564562276432527,2177,0.010003890969191109,2177,0.003679727380049851,,,
2011,Finance,2336,60000.0,2336,0.18925153091069943,2336,0.005186371855407309,2336,0.026429778489373435,2336,0.009134066263171363,,,
2011,Healthcare,3556,60000.0,3556,0.18266564979770056,3556,0.014174755266115769,3556,0.02188070314439813,3556,0.009688685731315276,,,
2011,Other,45710,40000.0,45710,0.18562147042461144,45710,0.009356070564377999,45710,0.008142238770091011,45710,0.0028942485693168292,,,
2011,Tech,2166,76000.0,2166,0.1671411314495355,2166,0.009182815502611623,2166,0.0064876013364469414,2166,0.004033509598779075,,,
2012,Finance,2355,60000.0,2355,0.20920597639576494,2355,0.006170758823455042,2355,0.023295824244690864,2355,0.008468904513277196,,,
2012,Healthcare,3631,60000.0,3631,0.17446274660190117,3631,0.015178958530870337,3631,0.02072124485678069,3631,0.005570714797400691,,,
2012,Other,45824,41000.0,45824,0.18764393995043657,45824,0.00997193284967811,45824,0.007592004199962571,45824,0.0027816692787935573,,,
2012,Tech,2329,80000.0,2329,0.17858170800830658,2329,0.007066529492519063,2329,0.007825753171324314,2329,0.005230916544067131,,,
2013,Finance,1580,62000.0,1580,0.2103224127404126,1580,0.006424018484659312,1580,0.0311077422022671,1580,0.0028705136777782917,,,
2013,Healthcare,2519,60000.0,2519,0.22383152042589727,2519,0.022460724678282758,2519,0.028377447745656845,2519,0.007788428562880418,,,
2013,Other,32143,42000.0,32143,0.22153984305678243,32143,0.011533037204589362,32143,0.006548939176915965,32143,0.00255284710977132,,,
2013,Tech,1521,80000.0,1521,0.18833959652095325,1521,0.007155065581891308,1521,0.010484290132068334,1521,0.009166829545596594,,,
2014,Finance,2311,63000.0,2311,0.21651132223319056,2311,0.007835588973345036,2311,0.02430790505511553,2311,0.006502479079408207,,,
2014,Healthcare,3789,58002.0,3789,0.22114853940759277,3789,0.013936376296230069,3789,0.021817825081510582,3789,0.0077149175860049945,,,
2014,Other,46097,42000.0,46097,0.23244609222668763,46097,0.011310307804915883,46097,0.00773544199288184,46097,0.0030491136377881352,,,
2014,Tech,2282,83200.0,2282,0.19895558929611856,2282,0.00641722557321402,2282,0.00946349677231643,2282,0.0033025683834880994,,,
2015,Finance,2231,65000.0,2231,0.21393970483019484,2231,0.009223071716638925,2231,0.02324358147749117,2231,0.0019215631681734565,,,
2015,Healthcare,3562,60000.0,3562,0.21489089042575074,3562,0.009531407831002571,3562,0.02544567991727181,3562,0.0076446025844403714,,,
2015,Other,43157,44900.0,43157,0.22635040046083452,43157,0.009943305886197022,43157,0.007023933245885838,43157,0.0023254929593741432,,,
2015,Tech,2215,85000.0,2215,0.19185278752402338,2215,0.01076219349707121,2215,0.00703979420496255,2215,0.007058984787610135,,,
2016,Finance,2182,67000.0,2182,0.21611487905315424,2182,0.01223061267581032,2182,0.02602331771236694,2182,0.003785690522245064,,,
2016,Healthcare,3721,62000.0,3721,0.2187783016921237,3721,0.015395065687030224,3721,0.020665068733313113,3721,0.009250828616523503,,,
2016,Other,44042,45000.0,44042,0.22671415061679306,44042,0.011951898574369645,44042,0.007414565082295345,44042,0.0028556906061573788,,,
2016,Tech,2257,83000.0,2257,0.206763174578301,2257,0.010317310820475972,2257,0.012558671962390522,2257,0.00444574847744384,,,
2017,Finance,2129,70000.0,2129,0.188836919040443,2129,0.009482084566967926,2129,0.02630860985560185,2129,0.0033301783305950262,,,
2017,Healthcare,3484,62840.0,3484,0.19356153927222375,3484,0.01435946056384459,3484,0.01895707631995185,3484,0.0070511005237955,,,
2017,Other,42891,45550.0,42891,0.21312937503144602,42891,0.010946237609754822,42891,0.007656146019405976,42891,0.0021252345400210784,,,
2017,Tech,2240,90000.0,2240,0.1766255405496817,2240,0.00492221890463158,2240,0.008234117148201226,2240,0.009424748838937331,,,
2018,Finance,2177,70000.0,2177,0.19574260704824414,2177,0.0033969893639240593,2177,0.025301185216538225,2177,0.0012348110070381714,,,
2018,Healthcare,3642,65000.0,3642,0.19811594392798523,3642,0.01258824970438815,3642,0.027828201316773358,3642,0.008408458570637382,,,
2018,Other,43536,49000.0,43536,0.21758635015758054,43536,0.010594241008012534,43536,0.006448058350867369,43536,0.0020440231558520833,,,
2018,Tech,2294,90000.0,2294,0.1771393127108287,2294,0.009083329473934842,2294,0.01309203177501199,2294,0.006295578908573974,,,
2019,Finance,1949,74000.0,1949,0.20691198299892374,1949,0.007459984675713839,1949,0.023427617693322488,1949,0.003310016234152775,,,
2019,Healthcare,3505,67000.0,3505,0.19451762870389414,3505,0.008015569890577254,3505,0.026175445711183007,3505,0.006783651196483181,,,
2019,Other,37124,50000.0,37124,0.2152756325409412,37124,0.011517941855369434,37124,0.007896056467322832,37124,0.0023210947080390646,,,
2019,Tech,2283,92000.0,2283,0.18735680288092488,2283,0.010194417386408592,2283,0.009490852848380485,2283,0.008155442153488283,,,
2020,Finance,1877,75000.0,1877,0.2091455902787318,1877,0.005672852739964443,1877,0.02173390717903128,1877,0.004090619284331213,,,
2020,Healthcare,3405,72000.0,3405,0.20005995139379115,3405,0.00978887915613602,3405,0.02882531899142277,3405,0.005711524689022121,,,
2020,Other,34784,52600.0,34784,0.21997792603874397,34784,0.01048275920569114,34784,0.007536740896947692,34784,0.0019848978700707873,,,
2020,Tech,2279,100000.0,2279,0.1819979723115958,2279,0.004809423181004156,2279,0.009584866525976017,2279,0.006275394363323385,,,
2021,Finance,1746,85000.0,1746,0.19284615426768514,1746,0.00600558178286907,1746,0.023313919464409243,1746,0.0104253030687971,,,
2021,Healthcare,3454,74000.0,3454,0.1962000491376141,3454,0.0071241143811321475,3454,0.02108984001664911,3454,0.0035413429278020624,,,
2021,Other,35405,53977.0,35405,0.21703459889935062,35405,0.01047221708735617,35405,0.007118149560340965,35405,0.0028243560543038597,,,
2021,Tech,2239,100000.0,2239,0.17388539023715066,2239,0.009298064997745135,2239,0.014405521397671286,2239,0.006321102014485855,,,
2022,Finance,1739,80000.0,1739,0.2032756005771073,1739,0.008457430568278267,1739,0.03864601487073155,1739,0.0020816864255426143,,,
2022,Healthcare,3278,78000.0,3278,0.18932134075095786,3278,0.011709641843162063,3278,0.018085008533622923,3278,0.004733934312395838,,,
2022,Other,34805,56000.0,34805,0.2140603987993556,34805,0.010653123702832886,34805,0.006431667514181902,34805,0.0026234329623535317,,,
2022,Tech,2257,109000.0,2257,0.17611777929599673,2257,0.006639070073061981,2257,0.014978712689151949,2257,0.007187304058709506,,,
2023,Finance,1821,90000.0,1821,0.18501194311613095,1821,0.009627932117349254,1821,0.031559126479370384,1821,0.0036697474286655914,,,
2023,Healthcare,3253,80000.0,3253,0.18860952342158097,3253,0.011780781335352496,3253,0.019949950635203932,3253,0.004210254534679398,,,
2023,Other,34275,60000.0,34275,0.20804125427449427,34275,0.009829256670686886,34275,0.007483021267144006,34275,0.0024420162992566516,,,
2023,Tech,2206,110000.0,2206,0.18095607012963372,2206,0.0061765157548885246,2206,0.008937786735868692,2206,0.003210073079483887,,,
2024,Finance,1722,98000.0,1722,0.1874785264570358,1722,0.005322490080616832,1722,0.02818298455310503,1722,7.406716377981909e-05,,,
2024,Healthcare,3125,81120.0,3125,0.19646087815981012,3125,0.011897049248493692,3125,0.013353115648085287,3125,0.006547802869921339,,,
2024,Other,33970,60000.0,33970,0.21115740449152953,33970,0.009676258740809431,33970,0.007855418248525554,33970,0.0024857749570801344,,,
2024,Tech,2149,116000.0,2149,0.18001140621207565,2149,0.005534925764083864,2149,0.01179029891961718,2149,0.008910188659313773,,,
