income_year,group,n_unweighted,weighted_population,weight_effective_n,weighted_median,small_cell,suppress_plot,weighted_median_2024_dollars
2022,Tech,2257,5667561.8100000005,1731.4944629105214,109000.0,False,False,116800.37664783426
2022,Finance,1739,4181662.4699999997,1280.4963660207616,80000.0,False,False,85725.04708097926
2022,Healthcare,3278,7419568.52,2377.151856863152,78000.0,False,False,83581.92090395479
2022,Other,34805,79969457.2,25146.693718771825,56000.0,False,False,60007.53295668549
2023,Tech,2206,5406057.609999999,1682.768444420135,110000.0,False,False,113314.5009416196
2023,Finance,1821,4459606.640000001,1352.7260520809482,90000.0,False,False,92711.86440677967
2023,Healthcare,3253,7426719.63,2385.51418114241,80000.0,False,False,82410.54613935969
2023,Other,34275,79941202.71,24808.71920491426,60000.0,False,False,61807.90960451977
2024,Tech,2149,5526093.99,1628.8778288816172,116000.0,False,False,116000.0
2024,Finance,1722,4280034.279999999,1268.3292057800397,98000.0,False,False,98000.0
2024,Healthcare,3125,7520137.82,2282.9394026703244,81120.0,False,False,81120.0
2024,Other,33970,81180526.59,24400.53911488262,60000.0,False,False,60000.0
