income_year,group,n_unweighted,weighted_population,p10,p25,p50,p75,p90
2022,Finance,1739,4181662.4699999997,45005.64971751411,61614.87758945385,85725.04708097926,128587.57062146893,214312.61770244816
2022,Healthcare,3278,7419568.52,42080.2824858757,58935.96986817325,83581.92090395479,117871.9397363465,188595.10357815438
2022,Other,34805,79969457.2,29467.984934086624,41790.96045197739,60007.53295668549,91340.03766478342,139303.20150659134
2022,Tech,2257,5667561.8100000005,57144.316384180784,80367.23163841806,116800.37664783426,160734.46327683612,214312.61770244816
2023,Finance,1821,4459606.640000001,46355.932203389835,61940.79661016949,92711.86440677967,144218.45574387946,224568.7382297552
2023,Healthcare,3253,7426719.63,41205.273069679846,59747.64595103578,82410.54613935969,122585.68738229756,185423.72881355934
2023,Other,34275,79941202.71,30388.88888888889,41205.273069679846,61807.90960451977,92711.86440677967,144218.45574387946
2023,Tech,2206,5406057.609999999,61807.90960451977,79320.15065913371,113314.5009416196,156580.03766478342,206026.36534839927
2024,Finance,1722,4280034.279999999,49000.0,65000.0,98000.0,150000.0,225000.0
2024,Healthcare,3125,7520137.82,42000.0,58000.0,81120.0,120000.0,180000.0
2024,Other,33970,81180526.59,30000.0,41600.0,60000.0,95000.0,150000.0
2024,Tech,2149,5526093.99,55000.0,75000.0,116000.0,160000.0,220000.0
