survey_year,stage,n
1976,ASEC_1976_2025,135351
1977,ASEC_1976_2025,160799
1978,ASEC_1976_2025,155706
1979,ASEC_1976_2025,154593
1980,ASEC_1976_2025,181488
1981,ASEC_1976_2025,181358
1982,ASEC_1976_2025,162703
1983,ASEC_1976_2025,162635
1984,ASEC_1976_2025,161167
1985,ASEC_1976_2025,161362
1986,ASEC_1976_2025,157661
1987,ASEC_1976_2025,155468
1988,ASEC_1976_2025,155980
1989,ASEC_1976_2025,144687
1990,ASEC_1976_2025,158079
1991,ASEC_1976_2025,158477
1992,ASEC_1976_2025,155796
1993,ASEC_1976_2025,155197
1994,ASEC_1976_2025,150943
1995,ASEC_1976_2025,149642
1996,ASEC_1976_2025,130476
1997,ASEC_1976_2025,131854
1998,ASEC_1976_2025,131617
1999,ASEC_1976_2025,132324
2000,ASEC_1976_2025,133710
2001,ASEC_1976_2025,218269
2002,ASEC_1976_2025,217219
2003,ASEC_1976_2025,216424
2004,ASEC_1976_2025,213241
2005,ASEC_1976_2025,210648
2006,ASEC_1976_2025,208562
2007,ASEC_1976_2025,206639
2008,ASEC_1976_2025,206404
2009,ASEC_1976_2025,207921
2010,ASEC_1976_2025,209802
2011,ASEC_1976_2025,204983
2012,ASEC_1976_2025,201398
2013,ASEC_1976_2025,202634
2014,ASEC_1976_2025,199556
2015,ASEC_1976_2025,199024
2016,ASEC_1976_2025,185487
2017,ASEC_1976_2025,185914
2018,ASEC_1976_2025,180084
2019,ASEC_1976_2025,180101
2020,ASEC_1976_2025,157959
2021,ASEC_1976_2025,163543
2022,ASEC_1976_2025,152732
2023,ASEC_1976_2025,146133
2024,ASEC_1976_2025,144265
2025,ASEC_1976_2025,142125
1976,2014_one_questionnaire,135351
1977,2014_one_questionnaire,160799
1978,2014_one_questionnaire,155706
1979,2014_one_questionnaire,154593
1980,2014_one_questionnaire,181488
1981,2014_one_questionnaire,181358
1982,2014_one_questionnaire,162703
1983,2014_one_questionnaire,162635
1984,2014_one_questionnaire,161167
1985,2014_one_questionnaire,161362
1986,2014_one_questionnaire,157661
1987,2014_one_questionnaire,155468
1988,2014_one_questionnaire,155980
1989,2014_one_questionnaire,144687
1990,2014_one_questionnaire,158079
1991,2014_one_questionnaire,158477
1992,2014_one_questionnaire,155796
1993,2014_one_questionnaire,155197
1994,2014_one_questionnaire,150943
1995,2014_one_questionnaire,149642
1996,2014_one_questionnaire,130476
1997,2014_one_questionnaire,131854
1998,2014_one_questionnaire,131617
1999,2014_one_questionnaire,132324
2000,2014_one_questionnaire,133710
2001,2014_one_questionnaire,218269
2002,2014_one_questionnaire,217219
2003,2014_one_questionnaire,216424
2004,2014_one_questionnaire,213241
2005,2014_one_questionnaire,210648
2006,2014_one_questionnaire,208562
2007,2014_one_questionnaire,206639
2008,2014_one_questionnaire,206404
2009,2014_one_questionnaire,207921
2010,2014_one_questionnaire,209802
2011,2014_one_questionnaire,204983
2012,2014_one_questionnaire,201398
2013,2014_one_questionnaire,202634
2014,2014_one_questionnaire,139415
2015,2014_one_questionnaire,199024
2016,2014_one_questionnaire,185487
2017,2014_one_questionnaire,185914
2018,2014_one_questionnaire,180084
2019,2014_one_questionnaire,180101
2020,2014_one_questionnaire,157959
2021,2014_one_questionnaire,163543
2022,2014_one_questionnaire,152732
2023,2014_one_questionnaire,146133
2024,2014_one_questionnaire,144265
2025,2014_one_questionnaire,142125
1976,age_25_64,61375
1977,age_25_64,73159
1978,age_25_64,72131
1979,age_25_64,71993
1980,age_25_64,85133
1981,age_25_64,85916
1982,age_25_64,77975
1983,age_25_64,78800
1984,age_25_64,78638
1985,age_25_64,79512
1986,age_25_64,78282
1987,age_25_64,77685
1988,age_25_64,78447
1989,age_25_64,72991
1990,age_25_64,80198
1991,age_25_64,80478
1992,age_25_64,79388
1993,age_25_64,78874
1994,age_25_64,76473
1995,age_25_64,76337
1996,age_25_64,66528
1997,age_25_64,67649
1998,age_25_64,67954
1999,age_25_64,68385
2000,age_25_64,69305
2001,age_25_64,110798
2002,age_25_64,110699
2003,age_25_64,110719
2004,age_25_64,109237
2005,age_25_64,107738
2006,age_25_64,107028
2007,age_25_64,106650
2008,age_25_64,106699
2009,age_25_64,107658
2010,age_25_64,108628
2011,age_25_64,106794
2012,age_25_64,104882
2013,age_25_64,104788
2014,age_25_64,72049
2015,age_25_64,102459
2016,age_25_64,95300
2017,age_25_64,95428
2018,age_25_64,91928
2019,age_25_64,91956
2020,age_25_64,80230
2021,age_25_64,83099
2022,age_25_64,77007
2023,age_25_64,73323
2024,age_25_64,72485
2025,age_25_64,71256
1976,full_year_50_52,32128
1977,full_year_50_52,38417
1978,full_year_50_52,38691
1979,full_year_50_52,39702
1980,full_year_50_52,47579
1981,full_year_50_52,47813
1982,full_year_50_52,43325
1983,full_year_50_52,42802
1984,full_year_50_52,44049
1985,full_year_50_52,46083
1986,full_year_50_52,45773
1987,full_year_50_52,46366
1988,full_year_50_52,47653
1989,full_year_50_52,45235
1990,full_year_50_52,49832
1991,full_year_50_52,49435
1992,full_year_50_52,48633
1993,full_year_50_52,48913
1994,full_year_50_52,47923
1995,full_year_50_52,48454
1996,full_year_50_52,42694
1997,full_year_50_52,43700
1998,full_year_50_52,44665
1999,full_year_50_52,45701
2000,full_year_50_52,46790
2001,full_year_50_52,75750
2002,full_year_50_52,74742
2003,full_year_50_52,73723
2004,full_year_50_52,72656
2005,full_year_50_52,72129
2006,full_year_50_52,72206
2007,full_year_50_52,72355
2008,full_year_50_52,72600
2009,full_year_50_52,70965
2010,full_year_50_52,69125
2011,full_year_50_52,67529
2012,full_year_50_52,67033
2013,full_year_50_52,67384
2014,full_year_50_52,46757
2015,full_year_50_52,66886
2016,full_year_50_52,62676
2017,full_year_50_52,63584
2018,full_year_50_52,61750
2019,full_year_50_52,62497
2020,full_year_50_52,55189
2021,full_year_50_52,50210
2022,full_year_50_52,51137
2023,full_year_50_52,50287
2024,full_year_50_52,50029
2025,full_year_50_52,49373
1976,full_time_35_99,29520
1977,full_time_35_99,35370
1978,full_time_35_99,35600
1979,full_time_35_99,36598
1980,full_time_35_99,43859
1981,full_time_35_99,43712
1982,full_time_35_99,39477
1983,full_time_35_99,38656
1984,full_time_35_99,39775
1985,full_time_35_99,41886
1986,full_time_35_99,41634
1987,full_time_35_99,42048
1988,full_time_35_99,43215
1989,full_time_35_99,41023
1990,full_time_35_99,45317
1991,full_time_35_99,45038
1992,full_time_35_99,44017
1993,full_time_35_99,44110
1994,full_time_35_99,43069
1995,full_time_35_99,43700
1996,full_time_35_99,38623
1997,full_time_35_99,39539
1998,full_time_35_99,40419
1999,full_time_35_99,41634
2000,full_time_35_99,42621
2001,full_time_35_99,68885
2002,full_time_35_99,67815
2003,full_time_35_99,66623
2004,full_time_35_99,65434
2005,full_time_35_99,64962
2006,full_time_35_99,65212
2007,full_time_35_99,65631
2008,full_time_35_99,65702
2009,full_time_35_99,63613
2010,full_time_35_99,61273
2011,full_time_35_99,59899
2012,full_time_35_99,59585
2013,full_time_35_99,59959
2014,full_time_35_99,41756
2015,full_time_35_99,60111
2016,full_time_35_99,56433
2017,full_time_35_99,57448
2018,full_time_35_99,55846
2019,full_time_35_99,56629
2020,full_time_35_99,50138
2021,full_time_35_99,46133
2022,full_time_35_99,46887
2023,full_time_35_99,46075
2024,full_time_35_99,45486
2025,full_time_35_99,44803
1976,longest_job_wage_salary,26129
1977,longest_job_wage_salary,30956
1978,longest_job_wage_salary,31124
1979,longest_job_wage_salary,31939
1980,longest_job_wage_salary,38001
1981,longest_job_wage_salary,38102
1982,longest_job_wage_salary,34371
1983,longest_job_wage_salary,33458
1984,longest_job_wage_salary,34489
1985,longest_job_wage_salary,36590
1986,longest_job_wage_salary,36601
1987,longest_job_wage_salary,36884
1988,longest_job_wage_salary,37961
1989,longest_job_wage_salary,35992
1990,longest_job_wage_salary,39876
1991,longest_job_wage_salary,39648
1992,longest_job_wage_salary,38958
1993,longest_job_wage_salary,39066
1994,longest_job_wage_salary,38088
1995,longest_job_wage_salary,38922
1996,longest_job_wage_salary,34480
1997,longest_job_wage_salary,35190
1998,longest_job_wage_salary,35973
1999,longest_job_wage_salary,37291
2000,longest_job_wage_salary,38252
2001,longest_job_wage_salary,62030
2002,longest_job_wage_salary,61012
2003,longest_job_wage_salary,59654
2004,longest_job_wage_salary,58559
2005,longest_job_wage_salary,57993
2006,longest_job_wage_salary,58355
2007,longest_job_wage_salary,58726
2008,longest_job_wage_salary,59016
2009,longest_job_wage_salary,57417
2010,longest_job_wage_salary,55408
2011,longest_job_wage_salary,54442
2012,longest_job_wage_salary,54219
2013,longest_job_wage_salary,54546
2014,longest_job_wage_salary,38055
2015,longest_job_wage_salary,54913
2016,longest_job_wage_salary,51583
2017,longest_job_wage_salary,52563
2018,longest_job_wage_salary,51134
2019,longest_job_wage_salary,52002
2020,longest_job_wage_salary,45203
2021,longest_job_wage_salary,42760
2022,longest_job_wage_salary,43130
2023,longest_job_wage_salary,42338
2024,longest_job_wage_salary,41801
2025,longest_job_wage_salary,41228
1976,known_civilian_occupation,26129
1977,known_civilian_occupation,30956
1978,known_civilian_occupation,31124
1979,known_civilian_occupation,31939
1980,known_civilian_occupation,38001
1981,known_civilian_occupation,38102
1982,known_civilian_occupation,34371
1983,known_civilian_occupation,33458
1984,known_civilian_occupation,34464
1985,known_civilian_occupation,36565
1986,known_civilian_occupation,36585
1987,known_civilian_occupation,36853
1988,known_civilian_occupation,37922
1989,known_civilian_occupation,35954
1990,known_civilian_occupation,39412
1991,known_civilian_occupation,39189
1992,known_civilian_occupation,38505
1993,known_civilian_occupation,38660
1994,known_civilian_occupation,37683
1995,known_civilian_occupation,38478
1996,known_civilian_occupation,34161
1997,known_civilian_occupation,34866
1998,known_civilian_occupation,35639
1999,known_civilian_occupation,36989
2000,known_civilian_occupation,37954
2001,known_civilian_occupation,61544
2002,known_civilian_occupation,60567
2003,known_civilian_occupation,59194
2004,known_civilian_occupation,58063
2005,known_civilian_occupation,57542
2006,known_civilian_occupation,57868
2007,known_civilian_occupation,58318
2008,known_civilian_occupation,58552
2009,known_civilian_occupation,56946
2010,known_civilian_occupation,54919
2011,known_civilian_occupation,53997
2012,known_civilian_occupation,53768
2013,known_civilian_occupation,54139
2014,known_civilian_occupation,37763
2015,known_civilian_occupation,54479
2016,known_civilian_occupation,51165
2017,known_civilian_occupation,52202
2018,known_civilian_occupation,50744
2019,known_civilian_occupation,51649
2020,known_civilian_occupation,44861
2021,known_civilian_occupation,42345
2022,known_civilian_occupation,42844
2023,known_civilian_occupation,42079
2024,known_civilian_occupation,41555
2025,known_civilian_occupation,40966
1976,valid_positive_weight,26129
1977,valid_positive_weight,30950
1978,valid_positive_weight,31124
1979,valid_positive_weight,31939
1980,valid_positive_weight,38001
1981,valid_positive_weight,38102
1982,valid_positive_weight,34371
1983,valid_positive_weight,33458
1984,valid_positive_weight,34464
1985,valid_positive_weight,36565
1986,valid_positive_weight,36563
1987,valid_positive_weight,36834
1988,valid_positive_weight,37922
1989,valid_positive_weight,35954
1990,valid_positive_weight,39412
1991,valid_positive_weight,39189
1992,valid_positive_weight,38503
1993,valid_positive_weight,38660
1994,valid_positive_weight,37683
1995,valid_positive_weight,38478
1996,valid_positive_weight,34161
1997,valid_positive_weight,34866
1998,valid_positive_weight,35634
1999,valid_positive_weight,36985
2000,valid_positive_weight,37954
2001,valid_positive_weight,61544
2002,valid_positive_weight,60567
2003,valid_positive_weight,59194
2004,valid_positive_weight,58063
2005,valid_positive_weight,57542
2006,valid_positive_weight,57868
2007,valid_positive_weight,58318
2008,valid_positive_weight,58552
2009,valid_positive_weight,56946
2010,valid_positive_weight,54919
2011,valid_positive_weight,53997
2012,valid_positive_weight,53768
2013,valid_positive_weight,54139
2014,valid_positive_weight,37763
2015,valid_positive_weight,54479
2016,valid_positive_weight,51165
2017,valid_positive_weight,52202
2018,valid_positive_weight,50744
2019,valid_positive_weight,51649
2020,valid_positive_weight,44861
2021,valid_positive_weight,42345
2022,valid_positive_weight,42844
2023,valid_positive_weight,42079
2024,valid_positive_weight,41555
2025,valid_positive_weight,40966
1976,valid_wage,26129
1977,valid_wage,30950
1978,valid_wage,31124
1979,valid_wage,31939
1980,valid_wage,38001
1981,valid_wage,38102
1982,valid_wage,34371
1983,valid_wage,33458
1984,valid_wage,34464
1985,valid_wage,36565
1986,valid_wage,36563
1987,valid_wage,36834
1988,valid_wage,37922
1989,valid_wage,35954
1990,valid_wage,39412
1991,valid_wage,39189
1992,valid_wage,38503
1993,valid_wage,38660
1994,valid_wage,37683
1995,valid_wage,38478
1996,valid_wage,34161
1997,valid_wage,34866
1998,valid_wage,35634
1999,valid_wage,36985
2000,valid_wage,37954
2001,valid_wage,61544
2002,valid_wage,60567
2003,valid_wage,59194
2004,valid_wage,58063
2005,valid_wage,57542
2006,valid_wage,57868
2007,valid_wage,58318
2008,valid_wage,58552
2009,valid_wage,56946
2010,valid_wage,54919
2011,valid_wage,53997
2012,valid_wage,53768
2013,valid_wage,54139
2014,valid_wage,37763
2015,valid_wage,54479
2016,valid_wage,51165
2017,valid_wage,52202
2018,valid_wage,50744
2019,valid_wage,51649
2020,valid_wage,44861
2021,valid_wage,42345
2022,valid_wage,42844
2023,valid_wage,42079
2024,valid_wage,41555
2025,valid_wage,40966
1976,positive_wage,26129
1977,positive_wage,30950
1978,positive_wage,31124
1979,positive_wage,31939
1980,positive_wage,38001
1981,positive_wage,38102
1982,positive_wage,34371
1983,positive_wage,33458
1984,positive_wage,34464
1985,positive_wage,36565
1986,positive_wage,36563
1987,positive_wage,36834
1988,positive_wage,37922
1989,positive_wage,35954
1990,positive_wage,39412
1991,positive_wage,39189
1992,positive_wage,38503
1993,positive_wage,38660
1994,positive_wage,37683
1995,positive_wage,38478
1996,positive_wage,34161
1997,positive_wage,34866
1998,positive_wage,35634
1999,positive_wage,36985
2000,positive_wage,37954
2001,positive_wage,61544
2002,positive_wage,60567
2003,positive_wage,59194
2004,positive_wage,58063
2005,positive_wage,57542
2006,positive_wage,57868
2007,positive_wage,58318
2008,positive_wage,58552
2009,positive_wage,56946
2010,positive_wage,54919
2011,positive_wage,53997
2012,positive_wage,53768
2013,positive_wage,54139
2014,positive_wage,37763
2015,positive_wage,54479
2016,positive_wage,51165
2017,positive_wage,52202
2018,positive_wage,50744
2019,positive_wage,51649
2020,positive_wage,44861
2021,positive_wage,42345
2022,positive_wage,42844
2023,positive_wage,42079
2024,positive_wage,41555
2025,positive_wage,40966
