income_year,Tech,Finance
1975,0.4868181818181818,0.2961818181818181
1976,0.41666666666666674,0.30333333333333323
1977,0.512,0.43999999999999995
1978,0.463057790782736,0.31675201170446243
1979,0.3733333333333333,0.33333333333333326
1980,0.5,0.375
1981,0.5294117647058822,0.42117647058823526
1982,0.5,0.33333333333333326
1983,0.4736842105263157,0.3252631578947369
1984,0.3999999999999999,0.30000000000000004
1985,0.4903846153846154,0.4423076923076923
1986,0.4351851851851851,0.4814814814814814
1987,0.5454545454545454,0.36363636363636354
1988,0.5652173913043479,0.4782608695652173
1989,0.5,0.45833333333333326
1990,0.48594377510040165,0.4056224899598393
1991,0.56,0.48
1992,0.5384615384615385,0.5
1993,0.6672692307692307,0.46153846153846145
1994,0.6891851851851851,0.4814814814814814
1995,0.6544117647058822,0.4522058823529411
1996,0.6792857142857143,0.3571428571428572
1997,0.6399999999999999,0.3666666666666667
1998,0.8333333333333333,0.5
1999,0.7973701636552832,0.576640494434459
2000,0.8671230745293295,0.6181733312587521
2001,0.8529411764705883,0.6176470588235294
2002,0.7142857142857142,0.5345142857142857
2003,0.8,0.494
2004,0.8571428571428572,0.5714285714285714
2005,0.8194444444444444,0.6666666666666667
2006,0.8421052631578947,0.605263157894737
2007,0.8274111675126903,0.5228426395939085
2008,0.8500000000000001,0.6000000000000001
2009,0.875,0.575
2010,0.875,0.625
2011,0.853658536585366,0.5853658536585367
2012,0.9047619047619047,0.4286190476190477
2013,0.9047619047619047,0.6666666666666667
2014,0.980952380952381,0.6666666666666667
2015,0.8888888888888888,0.5555555555555556
2016,0.8444444444444446,0.6666666666666667
2017,0.9565217391304348,0.6304347826086956
2018,0.8218623481781377,0.6194331983805668
2019,0.8400000000000001,0.6000000000000001
2020,0.8825301204819278,0.5060240963855422
2021,0.8518518518518519,0.8333333333333333
2022,0.940883190883191,0.6025641025641026
2023,0.8333333333333333,0.6499999999999999
2024,0.901639344262295,0.639344262295082
