YEAR,TINCLONGJ,n
1976,,26129
1977,,30950
1978,,31124
1979,,31939
1980,,38001
1981,,38102
1982,,34371
1983,,33458
1984,,34464
1985,,36565
1986,,36563
1987,,36834
1988,,37922
1989,,35954
1990,,39412
1991,,39189
1992,,38503
1993,,38660
1994,,37683
1995,,38478
1996,,34161
1997,,34866
1998,,35634
1999,,36985
2000,,37954
2001,,61544
2002,,60567
2003,,59194
2004,,58063
2005,,57542
2006,,57868
2007,,58318
2008,,58552
2009,,56946
2010,,54919
2011,0.0,53507
2011,1.0,490
2012,0.0,53236
2012,1.0,532
2013,0.0,53645
2013,1.0,494
2014,0.0,37424
2014,1.0,339
2015,0.0,53955
2015,1.0,524
2016,0.0,50704
2016,1.0,461
2017,0.0,51708
2017,1.0,494
2018,0.0,50277
2018,1.0,467
2019,0.0,51182
2019,1.0,467
2020,0.0,44410
2020,1.0,451
2021,0.0,41927
2021,1.0,418
2022,0.0,42453
2022,1.0,391
2023,0.0,41686
2023,1.0,393
2024,0.0,41165
2024,1.0,390
2025,0.0,40571
2025,1.0,395
