YEAR,TOINCWAGE,n
1976,,26129
1977,,30950
1978,,31124
1979,,31939
1980,,38001
1981,,38102
1982,,34371
1983,,33458
1984,,34464
1985,,36565
1986,,36563
1987,,36834
1988,,37922
1989,,35954
1990,,39412
1991,,39189
1992,,38503
1993,,38660
1994,,37683
1995,,38478
1996,,34161
1997,,34866
1998,,35634
1999,,36985
2000,,37954
2001,,61544
2002,,60567
2003,,59194
2004,,58063
2005,,57542
2006,,57868
2007,,58318
2008,,58552
2009,,56946
2010,,54919
2011,0.0,53827
2011,1.0,170
2012,0.0,53575
2012,1.0,193
2013,0.0,53958
2013,1.0,181
2014,0.0,37640
2014,1.0,123
2015,0.0,54289
2015,1.0,190
2016,0.0,51008
2016,1.0,157
2017,0.0,52036
2017,1.0,166
2018,0.0,50599
2018,1.0,145
2019,0.0,51504
2019,1.0,145
2020,0.0,44728
2020,1.0,133
2021,0.0,42223
2021,1.0,122
2022,0.0,42690
2022,1.0,154
2023,0.0,41950
2023,1.0,129
2024,0.0,41436
2024,1.0,119
2025,0.0,40851
2025,1.0,115
